0.000000000000000000e+00
6.283813275007376969e-04
1.256762406876856452e-03
1.885142990003835662e-03
2.513522828757349878e-03
3.141901675013368013e-03
3.770279280648251678e-03
4.398655397538850376e-03
5.027029777562604280e-03
5.655402172597636182e-03
6.283772334522855565e-03
6.912140015218051423e-03
7.540504966563993730e-03
8.168866940442529728e-03
8.797225688736684535e-03
9.425580963330753084e-03
1.005393251611040248e-02
1.068228009896277260e-02
1.131062346377657152e-02
1.193896236244216570e-02
1.256729654685169104e-02
1.319562576889914476e-02
1.382394978048048263e-02
1.445226833349371950e-02
1.508058117983901783e-02
1.570888807141880561e-02
1.633718876013785098e-02
1.696548299790338193e-02
1.759377053662516260e-02
1.822205112821561127e-02
1.885032452458988705e-02
1.947859047766598364e-02
2.010684873936484374e-02
2.073509906161044233e-02
2.136334119632988388e-02
2.199157489545352367e-02
2.261979991091502343e-02
2.324801599465149346e-02
2.387622289860356212e-02
2.450442037471548332e-02
2.513260817493523022e-02
2.576078605121460627e-02
2.638895375550932496e-02
2.701711103977912781e-02
2.764525765598784685e-02
2.827339335610355373e-02
2.890151789209861877e-02
2.952963101594981155e-02
3.015773247963842232e-02
3.078582203515034185e-02
3.141389943447615851e-02
3.204196442961126934e-02
3.267001677255595288e-02
3.329805621531550797e-02
3.392608250990029883e-02
3.455409540832590082e-02
3.518209466261318363e-02
3.581008002478838076e-02
3.643805124688322822e-02
3.706600808093505478e-02
3.769395027898685135e-02
3.832187759308738201e-02
3.894978977529132275e-02
3.957768657765928233e-02
4.020556775225798268e-02
4.083343305116028665e-02
4.146128222644532985e-02
4.208911503019863165e-02
4.271693121451215769e-02
4.334473053148445165e-02
4.397251273322070469e-02
4.460027757183286645e-02
4.522802479943974913e-02
4.585575416816712463e-02
4.648346543014779397e-02
4.711115833752173299e-02
4.773883264243615476e-02
4.836648809704559987e-02
4.899412445351209594e-02
4.962174146400517155e-02
5.024933888070201582e-02
5.087691645578753391e-02
5.150447394145449276e-02
5.213201108990356963e-02
5.275952765334348399e-02
5.338702338399108072e-02
5.401449803407143424e-02
5.464195135581793178e-02
5.526938310147239825e-02
5.589679302328515870e-02
5.652418087351517018e-02
5.715154640443011191e-02
5.777888936830645472e-02
5.840620951742958589e-02
5.903350660409392020e-02
5.966078038060295546e-02
6.028803059926941821e-02
6.091525701241530533e-02
6.154245937237203673e-02
6.216963743148053168e-02
6.279679094209128509e-02
6.342391965656450636e-02
6.405102332727019565e-02
6.467810170658822022e-02
6.530515454690842547e-02
6.593218160063081534e-02
6.655918262016549680e-02
6.718615735793287413e-02
6.781310556636374609e-02
6.844002699789938915e-02
6.906692140499162691e-02
6.969378854010298274e-02
7.032062815570673531e-02
7.094744000428704345e-02
7.157422383833898782e-02
7.220097941036873745e-02
7.282770647289367461e-02
7.345440477844235316e-02
7.408107407955470680e-02
7.470771412878216000e-02
7.533432467868764193e-02
7.596090548184575297e-02
7.658745629084283413e-02
7.721397685827707802e-02
7.784046693675861217e-02
7.846692627890959615e-02
7.909335463736430483e-02
7.971975176476933656e-02
8.034611741378351601e-02
8.097245133707814402e-02
8.159875328733705302e-02
8.222502301725669038e-02
8.285126027954624328e-02
8.347746482692769421e-02
8.410363641213594588e-02
8.472977478791894612e-02
8.535587970703770178e-02
8.598195092226650071e-02
8.660798818639288410e-02
8.723399125221782680e-02
8.785995987255579287e-02
8.848589380023483275e-02
8.911179278809673587e-02
8.973765658899707232e-02
9.036348495580528994e-02
9.098927764140483931e-02
9.161503439869327081e-02
9.224075498058229017e-02
9.286643913999795275e-02
9.349208662988060803e-02
9.411769720318514942e-02
9.474327061288102814e-02
9.536880661195235032e-02
9.599430495339801583e-02
9.661976539023181543e-02
9.724518767548245846e-02
9.787057156219375331e-02
9.849591680342466293e-02
9.912122315224938807e-02
9.974649036175751993e-02
1.003717181850540957e-01
1.009969063752596957e-01
1.016220546855105406e-01
1.022471628689586159e-01
1.028722306787717561e-01
1.034972578681337269e-01
1.041222441902443230e-01
1.047471893983195068e-01
1.053720932455914222e-01
1.059969554853086166e-01
1.066217758707360130e-01
1.072465541551550772e-01
1.078712900918639139e-01
1.084959834341773094e-01
1.091206339354268973e-01
1.097452413489612422e-01
1.103698054281458951e-01
1.109943259263635185e-01
1.116188025970140246e-01
1.122432351935145484e-01
1.128676234692997243e-01
1.134919671778216316e-01
1.141162660725499461e-01
1.147405199069720522e-01
1.153647284345931390e-01
1.159888914089362566e-01
1.166130085835424823e-01
1.172370797119709207e-01
1.178611045477989255e-01
1.184850828446220722e-01
1.191090143560543241e-01
1.197328988357281715e-01
1.203567360372946177e-01
1.209805257144233454e-01
1.216042676208028001e-01
1.222279615101403011e-01
1.228516071361621526e-01
1.234752042526136712e-01
1.240987526132593527e-01
1.247222519718829137e-01
1.253457020822874857e-01
1.259691026982955597e-01
1.265924535737492640e-01
1.272157544625102943e-01
1.278390051184601084e-01
1.284622052955000093e-01
1.290853547475512009e-01
1.297084532285549818e-01
1.303315004924726628e-01
1.309544962932859269e-01
1.315774403849966911e-01
1.322003325216272451e-01
1.328231724572205008e-01
1.334459599458399093e-01
1.340686947415696828e-01
1.346913765985147393e-01
1.353140052708010632e-01
1.359365805125754556e-01
1.365591020780059783e-01
1.371815697212817320e-01
1.378039831966133000e-01
1.384263422582324987e-01
1.390486466603926829e-01
1.396708961573687735e-01
1.402930905034573961e-01
1.409152294529769367e-01
1.415373127602676806e-01
1.421593401796918399e-01
1.427813114656337201e-01
1.434032263724998313e-01
1.440250846547188324e-01
1.446468860667418921e-01
1.452686303630425224e-01
1.458903172981168284e-01
1.465119466264835357e-01
1.471335181026841854e-01
1.477550314812831056e-01
1.483764865168675506e-01
1.489978829640478397e-01
1.496192205774574402e-01
1.502404991117530508e-01
1.508617183216146573e-01
1.514828779617457266e-01
1.521039777868731790e-01
1.527250175517476383e-01
1.533459970111433479e-01
1.539669159198584769e-01
1.545877740327149807e-01
1.552085711045588790e-01
1.558293068902603662e-01
1.564499811447136735e-01
1.570705936228374844e-01
1.576911440795747965e-01
1.583116322698931155e-01
1.589320579487845109e-01
1.595524208712657821e-01
1.601727207923784868e-01
1.607929574671890238e-01
1.614131306507888275e-01
1.620332400982943677e-01
1.626532855648472609e-01
1.632732668056144365e-01
1.638931835757881372e-01
1.645130356305861130e-01
1.651328227252516212e-01
1.657525446150536208e-01
1.663722010552867447e-01
1.669917918012715219e-01
1.676113166083544326e-01
1.682307752319079364e-01
1.688501674273306941e-01
1.694694929500475400e-01
1.700887515555096485e-01
1.707079429991946729e-01
1.713270670366066895e-01
1.719461234232765035e-01
1.725651119147615098e-01
1.731840322666459986e-01
1.738028842345411273e-01
1.744216675740851152e-01
1.750403820409431876e-01
1.756590273908078259e-01
1.762776033793987951e-01
1.768961097624631995e-01
1.775145462957757603e-01
1.781329127351386210e-01
1.787512088363817087e-01
1.793694343553626780e-01
1.799875890479670504e-01
1.806056726701083526e-01
1.812236849777281167e-01
1.818416257267961023e-01
1.824594946733102685e-01
1.830772915732969686e-01
1.836950161828109218e-01
1.843126682579355469e-01
1.849302475547827396e-01
1.855477538294932616e-01
1.861651868382366015e-01
1.867825463372112527e-01
1.873998320826446851e-01
1.880170438307935676e-01
1.886341813379436849e-01
1.892512443604102146e-01
1.898682326545376997e-01
1.904851459767002153e-01
1.911019840833014793e-01
1.917187467307747972e-01
1.923354336755833949e-01
1.929520446742202799e-01
1.935685794832085471e-01
1.941850378591013226e-01
1.948014195584819030e-01
1.954177243379638940e-01
1.960339519541912656e-01
1.966501021638383806e-01
1.972661747236103547e-01
1.978821693902428069e-01
1.984980859205021098e-01
1.991139240711855829e-01
1.997296835991214381e-01
2.003453642611688901e-01
2.009609658142184063e-01
2.015764880151916238e-01
2.021919306210414602e-01
2.028072933887523910e-01
2.034225760753402834e-01
2.040377784378527293e-01
2.046529002333690173e-01
2.052679412190001884e-01
2.058829011518892305e-01
2.064977797892111888e-01
2.071125768881730833e-01
2.077272922060142690e-01
2.083419255000063253e-01
2.089564765274531943e-01
2.095709450456912926e-01
2.101853308120897601e-01
2.107996335840502666e-01
2.114138531190072889e-01
2.120279891744281664e-01
2.126420415078132120e-01
2.132560098766958234e-01
2.138698940386425384e-01
2.144836937512530906e-01
2.150974087721606032e-01
2.157110388590316730e-01
2.163245837695663698e-01
2.169380432614984866e-01
2.175514170925954283e-01
2.181647050206585170e-01
2.187779068035229368e-01
2.193910221990579279e-01
2.200040509651668419e-01
2.206169928597871699e-01
2.212298476408907921e-01
2.218426150664839502e-01
2.224552948946073583e-01
2.230678868833363415e-01
2.236803907907809197e-01
2.242928063750859180e-01
2.249051333944309394e-01
2.255173716070306700e-01
2.261295207711347677e-01
2.267415806450281401e-01
2.273535509870308613e-01
2.279654315554984489e-01
2.285772221088218092e-01
2.291889224054273755e-01
2.298005322037772746e-01
2.304120512623693828e-01
2.310234793397373532e-01
2.316348161944507544e-01
2.322460615851152099e-01
2.328572152703724529e-01
2.334682770089004378e-01
2.340792465594133953e-01
2.346901236806619995e-01
2.353009081314333673e-01
2.359115996705512253e-01
2.365221980568760485e-01
2.371327030493050325e-01
2.377431144067722601e-01
2.383534318882487846e-01
2.389636552527427127e-01
2.395737842592993716e-01
2.401838186670013087e-01
2.407937582349684025e-01
2.414036027223580294e-01
2.420133518883650636e-01
2.426230054922220158e-01
2.432325632931992276e-01
2.438420250506047604e-01
2.444513905237846452e-01
2.450606594721228826e-01
2.456698316550416650e-01
2.462789068320013763e-01
2.468878847625006201e-01
2.474967652060764967e-01
2.481055479223045757e-01
2.487142326707990347e-01
2.493228192112126596e-01
2.499313073032370658e-01
2.505396967066027547e-01
2.511479871810792242e-01
2.517561784864749130e-01
2.523642703826374789e-01
2.529722626294539922e-01
2.535801549868506033e-01
2.541879472147930419e-01
2.547956390732866727e-01
2.554032303223762179e-01
2.560107207221464787e-01
2.566181100327217246e-01
2.572253980142664154e-01
2.578325844269848677e-01
2.584396690311215328e-01
2.590466515869611630e-01
2.596535318548287008e-01
2.602603095950894452e-01
2.608669845681493293e-01
2.614735565344546986e-01
2.620800252544926434e-01
2.626863904887911105e-01
2.632926519979187363e-01
2.638988095424852354e-01
2.645048628831413451e-01
2.651108117805788811e-01
2.657166559955310703e-01
2.663223952887723289e-01
2.669280294211185400e-01
2.675335581534270535e-01
2.681389812465970190e-01
2.687442984615690533e-01
2.693495095593257949e-01
2.699546143008916821e-01
2.705596124473331199e-01
2.711645037597586461e-01
2.717692879993189314e-01
2.723739649272071683e-01
2.729785343046585711e-01
2.735829958929510419e-01
2.741873494534049494e-01
2.747915947473834053e-01
2.753957315362921543e-01
2.759997595815798510e-01
2.766036786447381712e-01
2.772074884873017009e-01
2.778111888708481581e-01
2.784147795569985595e-01
2.790182603074171652e-01
2.796216308838117004e-01
2.802248910479334110e-01
2.808280405615770081e-01
2.814310791865810568e-01
2.820340066848278093e-01
2.826368228182433717e-01
2.832395273487979814e-01
2.838421200385057852e-01
2.844446006494251167e-01
2.850469689436586629e-01
2.856492246833534088e-01
2.862513676307006372e-01
2.868533975479364284e-01
2.874553141973413273e-01
2.880571173412406205e-01
2.886588067420044479e-01
2.892603821620478022e-01
2.898618433638308067e-01
2.904631901098586044e-01
2.910644221626814687e-01
2.916655392848950257e-01
2.922665412391403650e-01
2.928674277881039290e-01
2.934681986945177901e-01
2.940688537211595954e-01
2.946693926308528999e-01
2.952698151864670550e-01
2.958701211509172091e-01
2.964703102871647511e-01
2.970703823582171443e-01
2.976703371271279264e-01
2.982701743569972641e-01
2.988698938109713987e-01
2.994694952522433118e-01
3.000689784440525032e-01
3.006683431496851022e-01
3.012675891324740896e-01
3.018667161557993528e-01
3.024657239830877420e-01
3.030646123778130696e-01
3.036633811034964991e-01
3.042620299237062120e-01
3.048605586020579628e-01
3.054589669022148013e-01
3.060572545878873507e-01
3.066554214228338071e-01
3.072534671708602727e-01
3.078513915958204228e-01
3.084491944616160053e-01
3.090468755321966743e-01
3.096444345715602120e-01
3.102418713437525288e-01
3.108391856128679964e-01
3.114363771430491146e-01
3.120334456984871219e-01
3.126303910434214961e-01
3.132272129421405649e-01
3.138239111589814501e-01
3.144204854583299014e-01
3.150169356046207958e-01
3.156132613623379712e-01
3.162094624960143929e-01
3.168055387702320980e-01
3.174014899496226394e-01
3.179973157988668642e-01
3.185930160826950241e-01
3.191885905658871647e-01
3.197840390132728472e-01
3.203793611897313709e-01
3.209745568601919397e-01
3.215696257896338839e-01
3.221645677430862165e-01
3.227593824856284099e-01
3.233540697823901189e-01
3.239486293985511245e-01
3.245430610993417786e-01
3.251373646500430037e-01
3.257315398159861819e-01
3.263255863625534325e-01
3.269195040551776676e-01
3.275132926593427030e-01
3.281069519405833135e-01
3.287004816644853999e-01
3.292938815966858224e-01
3.298871515028729551e-01
3.304802911487862982e-01
3.310733003002168662e-01
3.316661787230072989e-01
3.322589261830516949e-01
3.328515424462959449e-01
3.334440272787377313e-01
3.340363804464266950e-01
3.346286017154643244e-01
3.352206908520042883e-01
3.358126476222524914e-01
3.364044717924669636e-01
3.369961631289581927e-01
3.375877213980890690e-01
3.381791463662749964e-01
3.387704377999841143e-01
3.393615954657372424e-01
3.399526191301080469e-01
3.405435085597229294e-01
3.411342635212615826e-01
3.417248837814566009e-01
3.423153691070938143e-01
3.429057192650123431e-01
3.434959340221046542e-01
3.440860131453167270e-01
3.446759564016481092e-01
3.452657635581518614e-01
3.458554343819349453e-01
3.464449686401581130e-01
3.470343661000359625e-01
3.476236265288372151e-01
3.482127496938845490e-01
3.488017353625550987e-01
3.493905833022800667e-01
3.499792932805451118e-01
3.505678650648904049e-01
3.511562984229105733e-01
3.517445931222550337e-01
3.523327489306278815e-01
3.529207656157881123e-01
3.535086429455495671e-01
3.540963806877811537e-01
3.546839786104069026e-01
3.552714364814061332e-01
3.558587540688132878e-01
3.564459311407183750e-01
3.570329674652668039e-01
3.576198628106596056e-01
3.582066169451533777e-01
3.587932296370605623e-01
3.593797006547494455e-01
3.599660297666442688e-01
3.605522167412252288e-01
3.611382613470287550e-01
3.617241633526473987e-01
3.623099225267301104e-01
3.628955386379821846e-01
3.634810114551653148e-01
3.640663407470979829e-01
3.646515262826551806e-01
3.652365678307686880e-01
3.658214651604272394e-01
3.664062180406763569e-01
3.669908262406187949e-01
3.675752895294142064e-01
3.681596076762796987e-01
3.687437804504895000e-01
3.693278076213753480e-01
3.699116889583264345e-01
3.704954242307895718e-01
3.710790132082691928e-01
3.716624556603275731e-01
3.722457513565847198e-01
3.728289000667187048e-01
3.734119015604656089e-01
3.739947556076196333e-01
3.745774619780332659e-01
3.751600204416171702e-01
3.757424307683404630e-01
3.763246927282308252e-01
3.769068060913745022e-01
3.774887706279163591e-01
3.780705861080600472e-01
3.786522523020680597e-01
3.792337689802618983e-01
3.798151359130220728e-01
3.803963528707882125e-01
3.809774196240591215e-01
3.815583359433930566e-01
3.821391015994074492e-01
3.827197163627795162e-01
3.833001800042457607e-01
3.838804922946025266e-01
3.844606530047058879e-01
3.850406619054717594e-01
3.856205187678760082e-01
3.862002233629546200e-01
3.867797754618035322e-01
3.873591748355790232e-01
3.879384212554976563e-01
3.885175144928363355e-01
3.890964543189325275e-01
3.896752405051842061e-01
3.902538728230500187e-01
3.908323510440495085e-01
3.914106749397628371e-01
3.919888442818312835e-01
3.925668588419570781e-01
3.931447183919035693e-01
3.937224227034953339e-01
3.942999715486182333e-01
3.948773646992195241e-01
3.954546019273079693e-01
3.960316830049537828e-01
3.966086077042890179e-01
3.971853757975073451e-01
3.977619870568642746e-01
3.983384412546773223e-01
3.989147381633260103e-01
3.994908775552518665e-01
4.000668592029587023e-01
4.006426828790126127e-01
4.012183483560420871e-01
4.017938554067380097e-01
4.023692038038538255e-01
4.029443933202057626e-01
4.035194237286726660e-01
4.040942948021961634e-01
4.046690063137808879e-01
4.052435580364944778e-01
4.058179497434676319e-01
4.063921812078942764e-01
4.069662522030315088e-01
4.075401625021998764e-01
4.081139118787833753e-01
4.086875001062295065e-01
4.092609269580494979e-01
4.098341922078180821e-01
4.104072956291741070e-01
4.109802369958200918e-01
4.115530160815226157e-01
4.121256326601123177e-01
4.126980865054840630e-01
4.132703773915969436e-01
4.138425050924742776e-01
4.144144693822040537e-01
4.149862700349386535e-01
4.155579068248949626e-01
4.161293795263548145e-01
4.167006879136646580e-01
4.172718317612358896e-01
4.178428108435447985e-01
4.184136249351328996e-01
4.189842738106067110e-01
4.195547572446379769e-01
4.201250750119638888e-01
4.206952268873869194e-01
4.212652126457752111e-01
4.218350320620622984e-01
4.224046849112475521e-01
4.229741709683960682e-01
4.235434900086388343e-01
4.241126418071726745e-01
4.246816261392605818e-01
4.252504427802316078e-01
4.258190915054810288e-01
4.263875720904704569e-01
4.269558843107277846e-01
4.275240279418475731e-01
4.280920027594907196e-01
4.286598085393850677e-01
4.292274450573249078e-01
4.297949120891716435e-01
4.303622094108533469e-01
4.309293367983652590e-01
4.314962940277696779e-01
4.320630808751961260e-01
4.326296971168413497e-01
4.331961425289694856e-01
4.337624168879121167e-01
4.343285199700683274e-01
4.348944515519050369e-01
4.354602114099566101e-01
4.360257993208253580e-01
4.365912150611814813e-01
4.371564584077631266e-01
4.377215291373766082e-01
4.382864270268961859e-01
4.388511518532646205e-01
4.394157033934928958e-01
4.399800814246603853e-01
4.405442857239150189e-01
4.411083160684733384e-01
4.416721722356204971e-01
4.422358540027105378e-01
4.427993611471663371e-01
4.433626934464796610e-01
4.439258506782113312e-01
4.444888326199913919e-01
4.450516390495189434e-01
4.456142697445625300e-01
4.461767244829600298e-01
4.467390030426187653e-01
4.473011052015157252e-01
4.478630307376974540e-01
4.484247794292802736e-01
4.489863510544503389e-01
4.495477453914636934e-01
4.501089622186464911e-01
4.506700013143948302e-01
4.512308624571750859e-01
4.517915454255238550e-01
4.523520499980480669e-01
4.529123759534252058e-01
4.534725230704031995e-01
4.540324911278005304e-01
4.545922799045065132e-01
4.551518891794812394e-01
4.557113187317555769e-01
4.562705683404313928e-01
4.568296377846817191e-01
4.573885268437505869e-01
4.579472352969533033e-01
4.585057629236765075e-01
4.590641095033782815e-01
4.596222748155881499e-01
4.601802586399071360e-01
4.607380607560080388e-01
4.612956809436353223e-01
4.618531189826054484e-01
4.624103746528065439e-01
4.629674477341990113e-01
4.635243380068151398e-01
4.640810452507595496e-01
4.646375692462090812e-01
4.651939097734128503e-01
4.657500666126925815e-01
4.663060395444423856e-01
4.668618283491290932e-01
4.674174328072921436e-01
4.679728526995438620e-01
4.685280878065694043e-01
4.690831379091269238e-01
4.696380027880475150e-01
4.701926822242354920e-01
4.707471759986685544e-01
4.713014838923973993e-01
4.718556056865463311e-01
4.724095411623130958e-01
4.729632901009689361e-01
4.735168522838588689e-01
4.740702274924016302e-01
4.746234155080896744e-01
4.751764161124894525e-01
4.757292290872414675e-01
4.762818542140602185e-01
4.768342912747344231e-01
4.773865400511270729e-01
4.779386003251754889e-01
4.784904718788913769e-01
4.790421544943609944e-01
4.795936479537452612e-01
4.801449520392798709e-01
4.806960665332748461e-01
4.812469912181157605e-01
4.817977258762624615e-01
4.823482702902503472e-01
4.828986242426895337e-01
4.834487875162657433e-01
4.839987598937396385e-01
4.845485411579474877e-01
4.850981310918008327e-01
4.856475294782869878e-01
4.861967361004687072e-01
4.867457507414846285e-01
4.872945731845489403e-01
4.878432032129520479e-01
4.883916406100602403e-01
4.889398851593155793e-01
4.894879366442367319e-01
4.900357948484181936e-01
4.905834595555311761e-01
4.911309305493227750e-01
4.916782076136171908e-01
4.922252905323146743e-01
4.927721790893924703e-01
4.933188730689043178e-01
4.938653722549811165e-01
4.944116764318302604e-01
4.949577853837365815e-01
4.955036988950615728e-01
4.960494167502443319e-01
4.965949387338008392e-01
4.971402646303247352e-01
4.976853942244867102e-01
4.982303273010353917e-01
4.987750636447966235e-01
4.993196030406741870e-01
4.998639452736496902e-01
5.004080901287821792e-01
5.009520373912091928e-01
5.014957868461458190e-01
5.020393382788854719e-01
5.025826914747997254e-01
5.031258462193386460e-01
5.036688022980301271e-01
5.042115594964809988e-01
5.047541176003763619e-01
5.052964763954802541e-01
5.058386356676348727e-01
5.063805952027617963e-01
5.069223547868609847e-01
5.074639142060116681e-01
5.080052732463717913e-01
5.085464316941790130e-01
5.090873893357493740e-01
5.096281459574789618e-01
5.101687013458428011e-01
5.107090552873955192e-01
5.112492075687712356e-01
5.117891579766837840e-01
5.123289062979267117e-01
5.128684523193730582e-01
5.134077958279762433e-01
5.139469366107692894e-01
5.144858744548654883e-01
5.150246091474579568e-01
5.155631404758204139e-01
5.161014682273065146e-01
5.166395921893507381e-01
5.171775121494674998e-01
5.177152278952521502e-01
5.182527392143806422e-01
5.187900458946094195e-01
5.193271477237759726e-01
5.198640444897986157e-01
5.204007359806765987e-01
5.209372219844902174e-01
5.214735022894008143e-01
5.220095766836513329e-01
5.225454449555655412e-01
5.230811068935488084e-01
5.236165622860882163e-01
5.241518109217518928e-01
5.246868525891901225e-01
5.252216870771344581e-01
5.257563141743986090e-01
5.262907336698779970e-01
5.268249453525500892e-01
5.273589490114743983e-01
5.278927444357925935e-01
5.284263314147283896e-01
5.289597097375882129e-01
5.294928791937604240e-01
5.300258395727162064e-01
5.305585906640089000e-01
5.310911322572751114e-01
5.316234641422334928e-01
5.321555861086859629e-01
5.326874979465170412e-01
5.332191994456946249e-01
5.337506903962691007e-01
5.342819705883743442e-01
5.348130398122276086e-01
5.353438978581288588e-01
5.358745445164623256e-01
5.364049795776947294e-01
5.369352028323771675e-01
5.374652140711436710e-01
5.379950130847127587e-01
5.385245996638859944e-01
5.390539735995494297e-01
5.395831346826724939e-01
5.401120827043093264e-01
5.406408174555975554e-01
5.411693387277596301e-01
5.416976463121015994e-01
5.422257400000146665e-01
5.427536195829738563e-01
5.432812848525391258e-01
5.438087356003548090e-01
5.443359716181501717e-01
5.448629926977389681e-01
5.453897986310199952e-01
5.459163892099773152e-01
5.464427642266794782e-01
5.469689234732804106e-01
5.474948667420193038e-01
5.480205938252205033e-01
5.485461045152937309e-01
5.490713986047343065e-01
5.495964758861228150e-01
5.501213361521256617e-01
5.506459791954948502e-01
5.511704048090683150e-01
5.516946127857695892e-01
5.522186029186083589e-01
5.527423750006800196e-01
5.532659288251665641e-01
5.537892641853358056e-01
5.543123808745418213e-01
5.548352786862250641e-01
5.553579574139128061e-01
5.558804168512180288e-01
5.564026567918409771e-01
5.569246770295684934e-01
5.574464773582739063e-01
5.579680575719174751e-01
5.584894174645463893e-01
5.590105568302948802e-01
5.595314754633842202e-01
5.600521731581229457e-01
5.605726497089065230e-01
5.610929049102182375e-01
5.616129385566281940e-01
5.621327504427944266e-01
5.626523403634623444e-01
5.631717081134651748e-01
5.636908534877235200e-01
5.642097762812462447e-01
5.647284762891296994e-01
5.652469533065583862e-01
5.657652071288049589e-01
5.662832375512300009e-01
5.668010443692823586e-01
5.673186273784993627e-01
5.678359863745063851e-01
5.683531211530175042e-01
5.688700315098353943e-01
5.693867172408509925e-01
5.699031781420442755e-01
5.704194140094838161e-01
5.709354246393272270e-01
5.714512098278208274e-01
5.719667693713000878e-01
5.724821030661895183e-01
5.729972107090028910e-01
5.735120920963431290e-01
5.740267470249027504e-01
5.745411752914630910e-01
5.750553766928958588e-01
5.755693510261615797e-01
5.760830980883108188e-01
5.765966176764838469e-01
5.771099095879106411e-01
5.776229736199112175e-01
5.781358095698955202e-01
5.786484172353633104e-01
5.791607964139049436e-01
5.796729469032009252e-01
5.801848685010214668e-01
5.806965610052280402e-01
5.812080242137718233e-01
5.817192579246950324e-01
5.822302619361302556e-01
5.827410360463008976e-01
5.832515800535210682e-01
5.837618937561956933e-01
5.842719769528207374e-01
5.847818294419833141e-01
5.852914510223612421e-01
5.858008414927238228e-01
5.863100006519316176e-01
5.868189282989364486e-01
5.873276242327812868e-01
5.878360882526012521e-01
5.883443201576223913e-01
5.888523197471627890e-01
5.893600868206320120e-01
5.898676211775316647e-01
5.903749226174551668e-01
5.908819909400876424e-01
5.913888259452069196e-01
5.918954274326821974e-01
5.924017952024753786e-01
5.929079290546404035e-01
5.934138287893239161e-01
5.939194942067643757e-01
5.944249251072935003e-01
5.949301212913349346e-01
5.954350825594056928e-01
5.959398087121149379e-01
5.964442995501649802e-01
5.969485548743510561e-01
5.974525744855612164e-01
5.979563581847767706e-01
5.984599057730720650e-01
5.989632170516148157e-01
5.994662918216658865e-01
5.999691298845795107e-01
6.004717310418036247e-01
6.009740950948795346e-01
6.014762218454420273e-01
6.019781110952201475e-01
6.024797626460358657e-01
6.029811762998058544e-01
6.034823518585400448e-01
6.039832891243429591e-01
6.044839878994127114e-01
6.049844479860420066e-01
6.054846691866174746e-01
6.059846513036203364e-01
6.064843941396259597e-01
6.069838974973043033e-01
6.074831611794200281e-01
6.079821849888322749e-01
6.084809687284948865e-01
6.089795122014566298e-01
6.094778152108609737e-01
6.099758775599465332e-01
6.104736990520467366e-01
6.109712794905902689e-01
6.114686186791010725e-01
6.119657164211980138e-01
6.124625725205957716e-01
6.129591867811040595e-01
6.134555590066282926e-01
6.139516890011691430e-01
6.144475765688235391e-01
6.149432215137834445e-01
6.154386236403371901e-01
6.159337827528684750e-01
6.164286986558574766e-01
6.169233711538799625e-01
6.174178000516080678e-01
6.179119851538100727e-01
6.184059262653506250e-01
6.188996231911901846e-01
6.193930757363865780e-01
6.198862837060931108e-01
6.203792469055604553e-01
6.208719651401354289e-01
6.213644382152617718e-01
6.218566659364802574e-01
6.223486481094281375e-01
6.228403845398396976e-01
6.233318750335464786e-01
6.238231193964770549e-01
6.243141174346569233e-01
6.248048689542093914e-01
6.252953737613544671e-01
6.257856316624099691e-01
6.262756424637911934e-01
6.267654059720109139e-01
6.272549219936796039e-01
6.277441903355053254e-01
6.282332108042941732e-01
6.287219832069499414e-01
6.292105073504744572e-01
6.296987830419674692e-01
6.301868100886269808e-01
6.306745882977491391e-01
6.311621174767281239e-01
6.316493974330568140e-01
6.321364279743264536e-01
6.326232089082262089e-01
6.331097400425447219e-01
6.335960211851683344e-01
6.340820521440829749e-01
6.345678327273726049e-01
6.350533627432205508e-01
6.355386419999088377e-01
6.360236703058187446e-01
6.365084474694301386e-01
6.369929732993226956e-01
6.374772476041749014e-01
6.379612701927647178e-01
6.384450408739694716e-01
6.389285594567659654e-01
6.394118257502304781e-01
6.398948395635389863e-01
6.403776007059671649e-01
6.408601089868904976e-01
6.413423642157841664e-01
6.418243662022234952e-01
6.423061147558833950e-01
6.427876096865392519e-01
6.432688508040667053e-01
6.437498379184410924e-01
6.442305708397384478e-01
6.447110493781349483e-01
6.451912733439075787e-01
6.456712425474333550e-01
6.461509567991903236e-01
6.466304159097567839e-01
6.471096196898122876e-01
6.475885679501366399e-01
6.480672605016111198e-01
6.485456971552174821e-01
6.490238777220388444e-01
6.495018020132591330e-01
6.499794698401639703e-01
6.504568810141396762e-01
6.509340353466743778e-01
6.514109326493573437e-01
6.518875727338793169e-01
6.523639554120328476e-01
6.528400804957118497e-01
6.533159477969122664e-01
6.537915571277314042e-01
6.542669083003688213e-01
6.547420011271257723e-01
6.552168354204058742e-01
6.556914109927142187e-01
6.561657276566587038e-01
6.566397852249488132e-01
6.571135835103971701e-01
6.575871223259178722e-01
6.580604014845281569e-01
6.585334207993472910e-01
6.590061800835976813e-01
6.594786791506039858e-01
6.599509178137936694e-01
6.604228958866971144e-01
6.608946131829477322e-01
6.613660695162815184e-01
6.618372647005380527e-01
6.623081985496593882e-01
6.627788708776912729e-01
6.632492814987827057e-01
6.637194302271856028e-01
6.641893168772557976e-01
6.646589412634521521e-01
6.651283032003374451e-01
6.655974025025779284e-01
6.660662389849436593e-01
6.665348124623082793e-01
6.670031227496494575e-01
6.674711696620486689e-01
6.679389530146915277e-01
6.684064726228675646e-01
6.688737283019706714e-01
6.693407198674985459e-01
6.698074471350535797e-01
6.702739099203424145e-01
6.707401080391761639e-01
6.712060413074700804e-01
6.716717095412446659e-01
6.721371125566244498e-01
6.726022501698389888e-01
6.730671221972226448e-01
6.735317284552144734e-01
6.739960687603588907e-01
6.744601429293046735e-01
6.749239507788062920e-01
6.753874921257229103e-01
6.758507667870192748e-01
6.763137745797653810e-01
6.767765153211363627e-01
6.772389888284129356e-01
6.777011949189816198e-01
6.781631334103339626e-01
6.786248041200677594e-01
6.790862068658859441e-01
6.795473414655979205e-01
6.800082077371184530e-01
6.804688054984684431e-01
6.809291345677748186e-01
6.813891947632707558e-01
6.818489859032952349e-01
6.823085078062937070e-01
6.827677602908180932e-01
6.832267431755263409e-01
6.836854562791832013e-01
6.841438994206595625e-01
6.846020724189333384e-01
6.850599750930886911e-01
6.855176072623169192e-01
6.859749687459159029e-01
6.864320593632904366e-01
6.868888789339522294e-01
6.873454272775202378e-01
6.878017042137201109e-01
6.882577095623851893e-01
6.887134431434555060e-01
6.891689047769788967e-01
6.896240942831102227e-01
6.900790114821120369e-01
6.905336561943541396e-01
6.909880282403142449e-01
6.914421274405774254e-01
6.918959536158368895e-01
6.923495065868932041e-01
6.928027861746550720e-01
6.932557922001391093e-01
6.937085244844700682e-01
6.941609828488805034e-01
6.946131671147112163e-01
6.950650771034114772e-01
6.955167126365386920e-01
6.959680735357585135e-01
6.964191596228452852e-01
6.968699707196817084e-01
6.973205066482589531e-01
6.977707672306773246e-01
6.982207522891451523e-01
6.986704616459801231e-01
6.991198951236086145e-01
6.995690525445658059e-01
7.000179337314961225e-01
7.004665385071527917e-01
7.009148666943983974e-01
7.013629181162047699e-01
7.018106925956526521e-01
7.022581899559325880e-01
7.027054100203444786e-01
7.031523526122973600e-01
7.035990175553102910e-01
7.040454046730115767e-01
7.044915137891396562e-01
7.049373447275422144e-01
7.053828973121771817e-01
7.058281713671121782e-01
7.062731667165250693e-01
7.067178831847034104e-01
7.071623205960452241e-01
7.076064787750584451e-01
7.080503575463614752e-01
7.084939567346827394e-01
7.089372761648615739e-01
7.093803156618473382e-01
7.098230750507000808e-01
7.102655541565903174e-01
7.107077528047995862e-01
7.111496708207197814e-01
7.115913080298538196e-01
7.120326642578155285e-01
7.124737393303294253e-01
7.129145330732314934e-01
7.133550453124681834e-01
7.137952758740977455e-01
7.142352245842893410e-01
7.146748912693232647e-01
7.151142757555914997e-01
7.155533778695972735e-01
7.159921974379551690e-01
7.164307342873919016e-01
7.168689882447452089e-01
7.173069591369647391e-01
7.177446467911118289e-01
7.181820510343601693e-01
7.186191716939944740e-01
7.190560085974122551e-01
7.194925615721224910e-01
7.199288304457466259e-01
7.203648150460182364e-01
7.208005152007828098e-01
7.212359307379987428e-01
7.216710614857363426e-01
7.221059072721784933e-01
7.225404679256205442e-01
7.229747432744708657e-01
7.234087331472497384e-01
7.238424373725907968e-01
7.242758557792400298e-01
7.247089881960567803e-01
7.251418344520127457e-01
7.255743943761930881e-01
7.260066677977956573e-01
7.264386545461317679e-01
7.268703544506257552e-01
7.273017673408151973e-01
7.277328930463511369e-01
7.281637313969977487e-01
7.285942822226330051e-01
7.290245453532483433e-01
7.294545206189484432e-01
7.298842078499521158e-01
7.303136068765917477e-01
7.307427175293133015e-01
7.311715396386770927e-01
7.316000730353566794e-01
7.320283175501405282e-01
7.324562730139301259e-01
7.328839392577420897e-01
7.333113161127065016e-01
7.337384034100681296e-01
7.341652009811858726e-01
7.345917086575333155e-01
7.350179262706979522e-01
7.354438536523825176e-01
7.358694906344036557e-01
7.362948370486932514e-01
7.367198927272975428e-01
7.371446575023778980e-01
7.375691312062101490e-01
7.379933136711854802e-01
7.384172047298096508e-01
7.388408042147038834e-01
7.392641119586043086e-01
7.396871277943624090e-01
7.401098515549445755e-01
7.405322830734329953e-01
7.409544221830250965e-01
7.413762687170334376e-01
7.417978225088865951e-01
7.422190833921283870e-01
7.426400512004185384e-01
7.430607257675322375e-01
7.434811069273608020e-01
7.439011945139110127e-01
7.443209883613060018e-01
7.447404883037843648e-01
7.451596941757012704e-01
7.455786058115275727e-01
7.459972230458508102e-01
7.464155457133740956e-01
7.468335736489175591e-01
7.472513066874172383e-01
7.476687446639257439e-01
7.480858874136122605e-01
7.485027347717624346e-01
7.489192865737787086e-01
7.493355426551799869e-01
7.497515028516021918e-01
7.501671669987980406e-01
7.505825349326369356e-01
7.509976064891054071e-01
7.514123815043072252e-01
7.518268598144627335e-01
7.522410412559099591e-01
7.526549256651037245e-01
7.530685128786165361e-01
7.534818027331378065e-01
7.538947950654747432e-01
7.543074897125520151e-01
7.547198865114115307e-01
7.551319852992131043e-01
7.555437859132342338e-01
7.559552881908696564e-01
7.563664919696326816e-01
7.567773970871538580e-01
7.571880033811820843e-01
7.575983106895839425e-01
7.580083188503442537e-01
7.584180277015659666e-01
7.588274370814699354e-01
7.592365468283959196e-01
7.596453567808010288e-01
7.600538667772617218e-01
7.604620766564722523e-01
7.608699862572456674e-01
7.612775954185133642e-01
7.616849039793257559e-01
7.620919117788513830e-01
7.624986186563782464e-01
7.629050244513124746e-01
7.633111290031796559e-01
7.637169321516238396e-01
7.641224337364085351e-01
7.645276335974159343e-01
7.649325315746476894e-01
7.653371275082243574e-01
7.657414212383860663e-01
7.661454126054922931e-01
7.665491014500213085e-01
7.669524876125716206e-01
7.673555709338606423e-01
7.677583512547259126e-01
7.681608284161242084e-01
7.685630022591320998e-01
7.689648726249458388e-01
7.693664393548819147e-01
7.697677022903762767e-01
7.701686612729851111e-01
7.705693161443842865e-01
7.709696667463700193e-01
7.713697129208587633e-01
7.717694545098868764e-01
7.721688913556112865e-01
7.725680233003089370e-01
7.729668501863775631e-01
7.733653718563349155e-01
7.737635881528195370e-01
7.741614989185905404e-01
7.745591039965276092e-01
7.749564032296311078e-01
7.753533964610224150e-01
7.757500835339432577e-01
7.761464642917568213e-01
7.765425385779467504e-01
7.769383062361179260e-01
7.773337671099963542e-01
7.777289210434291666e-01
7.781237678803845093e-01
7.785183074649520973e-01
7.789125396413425495e-01
7.793064642538883868e-01
7.797000811470430337e-01
7.800933901653819280e-01
7.804863911536016330e-01
7.808790839565208364e-01
7.812714684190792402e-01
7.816635443863390043e-01
7.820553117034836355e-01
7.824467702158187654e-01
7.828379197687717062e-01
7.832287602078920052e-01
7.836192913788513348e-01
7.840095131274430473e-01
7.843994252995831751e-01
7.847890277413096527e-01
7.851783202987828725e-01
7.855673028182855733e-01
7.859559751462229515e-01
7.863443371291225503e-01
7.867323886136345923e-01
7.871201294465317577e-01
7.875075594747097396e-01
7.878946785451863555e-01
7.882814865051027686e-01
7.886679832017227110e-01
7.890541684824330382e-01
7.894400421947431745e-01
7.898256041862860011e-01
7.902108543048170786e-01
7.905957923982156466e-01
7.909804183144836243e-01
7.913647319017464987e-01
7.917487330082531027e-01
7.921324214823752818e-01
7.925157971726088935e-01
7.928988599275728077e-01
7.932816095960099068e-01
7.936640460267860853e-01
7.940461690688915830e-01
7.944279785714400965e-01
7.948094743836690013e-01
7.951906563549396845e-01
7.955715243347375454e-01
7.959520781726716621e-01
7.963323177184756796e-01
7.967122428220066999e-01
7.970918533332465028e-01
7.974711491023006582e-01
7.978501299793996360e-01
7.982287958148974738e-01
7.986071464592732205e-01
7.989851817631300479e-01
7.993629015771958057e-01
7.997403057523229108e-01
8.001173941394883471e-01
8.004941665897936653e-01
8.008706229544655386e-01
8.012467630848550959e-01
8.016225868324383663e-01
8.019980940488167231e-01
8.023732845857158846e-01
8.027481582949871353e-01
8.031227150286066596e-01
8.034969546386756534e-01
8.038708769774208784e-01
8.042444818971941078e-01
8.046177692504724588e-01
8.049907388898587257e-01
8.053633906680807142e-01
8.057357244379922401e-01
8.061077400525720194e-01
8.064794373649253334e-01
8.068508162282820306e-01
8.072218764959987469e-01
8.075926180215573513e-01
8.079630406585656122e-01
8.083331442607573081e-01
8.087029286819921170e-01
8.090723937762559492e-01
8.094415393976605033e-01
8.098103654004439322e-01
8.101788716389702882e-01
8.105470579677303000e-01
8.109149242413403735e-01
8.112824703145440353e-01
8.116496960422107110e-01
8.120166012793365029e-01
8.123831858810440787e-01
8.127494497025827824e-01
8.131153925993284126e-01
8.134810144267837773e-01
8.138463150405780278e-01
8.142112942964676581e-01
8.145759520503357276e-01
8.149402881581923053e-01
8.153043024761745805e-01
8.156679948605465302e-01
8.160313651676998070e-01
8.163944132541524068e-01
8.167571389765504453e-01
8.171195421916666035e-01
8.174816227564013493e-01
8.178433805277824931e-01
8.182048153629650766e-01
8.185659271192318176e-01
8.189267156539931092e-01
8.192871808247867982e-01
8.196473224892785181e-01
8.200071405052614670e-01
8.203666347306569628e-01
8.207258050235137770e-01
8.210846512420090226e-01
8.214431732444474887e-01
8.218013708892619729e-01
8.221592440350135034e-01
8.225167925403911173e-01
8.228740162642121936e-01
8.232309150654221197e-01
8.235874888030948471e-01
8.239437373364324468e-01
8.242996605247656650e-01
8.246552582275532561e-01
8.250105303043830940e-01
8.253654766149711719e-01
8.257200970191624911e-01
8.260743913769301727e-01
8.264283595483767897e-01
8.267820013937330348e-01
8.271353167733590528e-01
8.274883055477435523e-01
8.278409675775042498e-01
8.281933027233877587e-01
8.285453108462702554e-01
8.288969918071564802e-01
8.292483454671806253e-01
8.295993716876061130e-01
8.299500703298254844e-01
8.303004412553610658e-01
8.306504843258640802e-01
8.310001994031155359e-01
8.313495863490256710e-01
8.316986450256347307e-01
8.320473752951120794e-01
8.323957770197569772e-01
8.327438500619985806e-01
8.330915942843957200e-01
8.334390095496367890e-01
8.337860957205406320e-01
8.341328526600553239e-01
8.344792802312596125e-01
8.348253782973619197e-01
8.351711467217010076e-01
8.355165853677454235e-01
8.358616940990943878e-01
8.362064727794771279e-01
8.365509212727532118e-01
8.368950394429127693e-01
8.372388271540760485e-01
8.375822842704939708e-01
8.379254106565481308e-01
8.382682061767504633e-01
8.386106706957436874e-01
8.389528040783011953e-01
8.392946061893270526e-01
8.396360768938563313e-01
8.399772160570546653e-01
8.403180235442190282e-01
8.406584992207768448e-01
8.409986429522871010e-01
8.413384546044392343e-01
8.416779340430543543e-01
8.420170811340846884e-01
8.423558957436133587e-01
8.426943777378548273e-01
8.430325269831553392e-01
8.433703433459921461e-01
8.437078266929739501e-01
8.440449768908409034e-01
8.443817938064650530e-01
8.447182773068496742e-01
8.450544272591300476e-01
8.453902435305726826e-01
8.457257259885760936e-01
8.460608745006709119e-01
8.463956889345192192e-01
8.467301691579151024e-01
8.470643150387845433e-01
8.473981264451857509e-01
8.477316032453091621e-01
8.480647453074766640e-01
8.483975525001429263e-01
8.487300246918946245e-01
8.490621617514509945e-01
8.493939635476629446e-01
8.497254299495143881e-01
8.500565608261214656e-01
8.503873560467328785e-01
8.507178154807295556e-01
8.510479389976254305e-01
8.513777264670668865e-01
8.517071777588329784e-01
8.520362927428356548e-01
8.523650712891193137e-01
8.526935132678614693e-01
8.530216185493726400e-01
8.533493870040962381e-01
8.536768185026082367e-01
8.540039129156181685e-01
8.543306701139685710e-01
8.546570899686352085e-01
8.549831723507265169e-01
8.553089171314849359e-01
8.556343241822856882e-01
8.559593933746376671e-01
8.562841245801828816e-01
8.566085176706970117e-01
8.569325725180890752e-01
8.572562889944020936e-01
8.575796669718119825e-01
8.579027063226288830e-01
8.582254069192964963e-01
8.585477686343920833e-01
8.588697913406272422e-01
8.591914749108466864e-01
8.595128192180295779e-01
8.598338241352888600e-01
8.601544895358718135e-01
8.604748152931590566e-01
8.607948012806659888e-01
8.611144473720419024e-01
8.614337534410704267e-01
8.617527193616691950e-01
8.620713450078903994e-01
8.623896302539205694e-01
8.627075749740806820e-01
8.630251790428258296e-01
8.633424423347461074e-01
8.636593647245657257e-01
8.639759460871440089e-01
8.642921862974743963e-01
8.646080852306853304e-01
8.649236427620400347e-01
8.652388587669364028e-01
8.655537331209074425e-01
8.658682656996206095e-01
8.661824563788788067e-01
8.664963050346194962e-01
8.668098115429156980e-01
8.671229757799751026e-01
8.674357976221406252e-01
8.677482769458904066e-01
8.680604136278382565e-01
8.683722075447325439e-01
8.686836585734573069e-01
8.689947665910322527e-01
8.693055314746123141e-01
8.696159531014877597e-01
8.699260313490844165e-01
8.702357660949641138e-01
8.705451572168237950e-01
8.708542045924964059e-01
8.711629080999504504e-01
8.714712676172904349e-01
8.717792830227564238e-01
8.720869541947245951e-01
8.723942810117067959e-01
8.727012633523510976e-01
8.730079010954415741e-01
8.733141941198981906e-01
8.736201423047771364e-01
8.739257455292707144e-01
8.742310036727074518e-01
8.745359166145523222e-01
8.748404842344063015e-01
8.751447064120069230e-01
8.754485830272280555e-01
8.757521139600800142e-01
8.760552990907096715e-01
8.763581382994003466e-01
8.766606314665719157e-01
8.769627784727812569e-01
8.772645791987213615e-01
8.775660335252223332e-01
8.778671413332510554e-01
8.781679025039111908e-01
8.784683169184430707e-01
8.787683844582241388e-01
8.790681050047689515e-01
8.793674784397287336e-01
8.796665046448922665e-01
8.799651835021846669e-01
8.802635148936689413e-01
8.805614987015449868e-01
8.808591348081500350e-01
8.811564230959584298e-01
8.814533634475820723e-01
8.817499557457700865e-01
8.820461998734092646e-01
8.823420957135236220e-01
8.826376431492747310e-01
8.829328420639619424e-01
8.832276923410220526e-01
8.835221938640295258e-01
8.838163465166964938e-01
8.841101501828730891e-01
8.844036047465470007e-01
8.846967100918438076e-01
8.849894661030269782e-01
8.852818726644979819e-01
8.855739296607962885e-01
8.858656369765995908e-01
8.861569944967229162e-01
8.864480021061202919e-01
8.867386596898834128e-01
8.870289671332424186e-01
8.873189243215654498e-01
8.876085311403590916e-01
8.878977874752684851e-01
8.881866932120768832e-01
8.884752482367059834e-01
8.887634524352161502e-01
8.890513056938060821e-01
8.893388078988132550e-01
8.896259589367134790e-01
8.899127586941214529e-01
8.901992070577906535e-01
8.904853039146131133e-01
8.907710491516196427e-01
8.910564426559800522e-01
8.913414843150029299e-01
8.916261740161358640e-01
8.919105116469655536e-01
8.921944970952172538e-01
8.924781302487556633e-01
8.927614109955847033e-01
8.930443392238470723e-01
8.933269148218248024e-01
8.936091376779393691e-01
8.938910076807512484e-01
8.941725247189604708e-01
8.944536886814061782e-01
8.947344994570672894e-01
8.950149569350617229e-01
8.952950610046475077e-01
8.955748115552215616e-01
8.958542084763208013e-01
8.961332516576218099e-01
8.964119409889406143e-01
8.966902763602330184e-01
8.969682576615947145e-01
8.972458847832610607e-01
8.975231576156075253e-01
8.978000760491491317e-01
8.980766399745410133e-01
8.983528492825783029e-01
8.986287038641961322e-01
8.989042036104697431e-01
8.991793484126143765e-01
8.994541381619854947e-01
8.997285727500786701e-01
9.000026520685301401e-01
9.002763760091155865e-01
9.005497444637519111e-01
9.008227573244957931e-01
9.010954144835446877e-01
9.013677158332361605e-01
9.016396612660485532e-01
9.019112506746005398e-01
9.021824839516516814e-01
9.024533609901016495e-01
9.027238816829913359e-01
9.029940459235019645e-01
9.032638536049557576e-01
9.035333046208154917e-01
9.038023988646849416e-01
9.040711362303087695e-01
9.043395166115723027e-01
9.046075399025023112e-01
9.048752059972661188e-01
9.051425147901721591e-01
9.054094661756700857e-01
9.056760600483508838e-01
9.059422963029462039e-01
9.062081748343292498e-01
9.064736955375143346e-01
9.067388583076572139e-01
9.070036630400548638e-01
9.072681096301455916e-01
9.075321979735091471e-01
9.077959279658670555e-01
9.080592995030817294e-01
9.083223124811575788e-01
9.085849667962405674e-01
9.088472623446181009e-01
9.091091990227194719e-01
9.093707767271153042e-01
9.096319953545183301e-01
9.098928548017829465e-01
9.101533549659055478e-01
9.104134957440238596e-01
9.106732770334181604e-01
9.109326987315102819e-01
9.111917607358641646e-01
9.114504629441858574e-01
9.117088052543232957e-01
9.119667875642666344e-01
9.122244097721482481e-01
9.124816717762426199e-01
9.127385734749663415e-01
9.129951147668784461e-01
9.132512955506804087e-01
9.135071157252157015e-01
9.137625751894703496e-01
9.140176738425729308e-01
9.142724115837943533e-01
9.145267883125481889e-01
9.147808039283903403e-01
9.150344583310192625e-01
9.152877514202764075e-01
9.155406830961456688e-01
9.157932532587534924e-01
9.160454618083692102e-01
9.162973086454051508e-01
9.165487936704163063e-01
9.167999167841003327e-01
9.170506778872979936e-01
9.173010768809930493e-01
9.175511136663122569e-01
9.178007881445251481e-01
9.180501002170444735e-01
9.182990497854260914e-01
9.185476367513691898e-01
9.187958610167157314e-01
9.190437224834511198e-01
9.192912210537040885e-01
9.195383566297465894e-01
9.197851291139939045e-01
9.200315384090044235e-01
9.202775844174805320e-01
9.205232670422675012e-01
9.207685861863544874e-01
9.210135417528739765e-01
9.212581336451018954e-01
9.215023617664580557e-01
9.217462260205058211e-01
9.219897263109519958e-01
9.222328625416474912e-01
9.224756346165866594e-01
9.227180424399079595e-01
9.229600859158931803e-01
9.232017649489684397e-01
9.234430794437035184e-01
9.236840293048123041e-01
9.239246144371525693e-01
9.241648347457260826e-01
9.244046901356787194e-01
9.246441805123003510e-01
9.248833057810252889e-01
9.251220658474315073e-01
9.253604606172415314e-01
9.255984899963221046e-01
9.258361538906842991e-01
9.260734522064832941e-01
9.263103848500185977e-01
9.265469517277344913e-01
9.267831527462193630e-01
9.270189878122060412e-01
9.272544568325720160e-01
9.274895597143392179e-01
9.277242963646743501e-01
9.279586666908883341e-01
9.281926706004370864e-01
9.284263080009210745e-01
9.286595788000856500e-01
9.288924829058204935e-01
9.291250202261603919e-01
9.293571906692851270e-01
9.295889941435191428e-01
9.298204305573316564e-01
9.300514998193369909e-01
9.302822018382943536e-01
9.305125365231081691e-01
9.307425037828278569e-01
9.309721035266474987e-01
9.312013356639068373e-01
9.314302001040903889e-01
9.316586967568283306e-01
9.318868255318955018e-01
9.321145863392121811e-01
9.323419790888443082e-01
9.325690036910027070e-01
9.327956600560437517e-01
9.330219480944692556e-01
9.332478677169262493e-01
9.334734188342076466e-01
9.336986013572513565e-01
9.339234151971412823e-01
9.341478602651066554e-01
9.343719364725225907e-01
9.345956437309093090e-01
9.348189819519333588e-01
9.350419510474065055e-01
9.352645509292866199e-01
9.354867815096771233e-01
9.357086427008274310e-01
9.359301344151326196e-01
9.361512565651338713e-01
9.363720090635182514e-01
9.365923918231185974e-01
9.368124047569139634e-01
9.370320477780293977e-01
9.372513207997359430e-01
9.374702237354506362e-01
9.376887564987368417e-01
9.379069190033041403e-01
9.381247111630082181e-01
9.383421328918507553e-01
9.385591841039800931e-01
9.387758647136906776e-01
9.389921746354233933e-01
9.392081137837653415e-01
9.394236820734500615e-01
9.396388794193576421e-01
9.398537057365147218e-01
9.400681609400941552e-01
9.402822449454154574e-01
9.404959576679448041e-01
9.407092990232950314e-01
9.409222689272253026e-01
9.411348672956417749e-01
9.413470940445971546e-01
9.415589490902909198e-01
9.417704323490694307e-01
9.419815437374255973e-01
9.421922831719993230e-01
9.424026505695775047e-01
9.426126458470936997e-01
9.428222689216284591e-01
9.430315197104095493e-01
9.432403981308113972e-01
9.434489041003557563e-01
9.436570375367111518e-01
9.438647983576933242e-01
9.440721864812654518e-01
9.442792018255372621e-01
9.444858443087664757e-01
9.446921138493571402e-01
9.448980103658611851e-01
9.451035337769777556e-01
9.453086840015532122e-01
9.455134609585812422e-01
9.457178645672028594e-01
9.459218947467068483e-01
9.461255514165290981e-01
9.463288344962530463e-01
9.465317439056097903e-01
9.467342795644778652e-01
9.469364413928834656e-01
9.471382293110002237e-01
9.473396432391495425e-01
9.475406830978004846e-01
9.477413488075698833e-01
9.479416402892222315e-01
9.481415574636697929e-01
9.483411002519726019e-01
9.485402685753386853e-01
9.487390623551238411e-01
9.489374815128315266e-01
9.491355259701134139e-01
9.493331956487690571e-01
9.495304904707461136e-01
9.497274103581400118e-01
9.499239552331942837e-01
9.501201250183006763e-01
9.503159196359991512e-01
9.505113390089773295e-01
9.507063830600714915e-01
9.509010517122657991e-01
9.510953448886929618e-01
9.512892625126336821e-01
9.514828045075168772e-01
9.516759707969202342e-01
9.518687613045693219e-01
9.520611759543383679e-01
9.522532146702498146e-01
9.524448773764747633e-01
9.526361639973325302e-01
9.528270744572913120e-01
9.530176086809674096e-01
9.532077665931260047e-01
9.533975481186806045e-01
9.535869531826935974e-01
9.537759817103759197e-01
9.539646336270870552e-01
9.541529088583354801e-01
9.543408073297782179e-01
9.545283289672208404e-01
9.547154736966183552e-01
9.549022414440738737e-01
9.550886321358399433e-01
9.552746456983175483e-01
9.554602820580569977e-01
9.556455411417571488e-01
9.558304228762661836e-01
9.560149271885809430e-01
9.561990540058475929e-01
9.563828032553611802e-01
9.565661748645659657e-01
9.567491687610553130e-01
9.569317848725715780e-01
9.571140231270063303e-01
9.572958834524005756e-01
9.574773657769443114e-01
9.576584700289767493e-01
9.578391961369866481e-01
9.580195440296117582e-01
9.581995136356395992e-01
9.583791048840065718e-01
9.585583177037988456e-01
9.587371520242518041e-01
9.589156077747504892e-01
9.590936848848291563e-01
9.592713832841717192e-01
9.594487029026117497e-01
9.596256436701323667e-01
9.598022055168659028e-01
9.599783883730946821e-01
9.601541921692506865e-01
9.603296168359153340e-01
9.605046623038201448e-01
9.606793285038458530e-01
9.608536153670234059e-01
9.610275228245331869e-01
9.612010508077056814e-01
9.613741992480210330e-01
9.615469680771091543e-01
9.617193572267502821e-01
9.618913666288742004e-01
9.620629962155606840e-01
9.622342459190394992e-01
9.624051156716905142e-01
9.625756054060436995e-01
9.627457150547786835e-01
9.629154445507255300e-01
9.630847938268644048e-01
9.632537628163254650e-01
9.634223514523890808e-01
9.635905596684858354e-01
9.637583873981964144e-01
9.639258345752520496e-01
9.640929011335338528e-01
9.642595870070733710e-01
9.644258921300525866e-01
9.645918164368036951e-01
9.647573598618094382e-01
9.649225223397025486e-01
9.650873038052666386e-01
9.652517041934356445e-01
9.654157234392938269e-01
9.655793614780758816e-01
9.657426182451674945e-01
9.659054936761043431e-01
9.660679877065729837e-01
9.662301002724105192e-01
9.663918313096048207e-01
9.665531807542939724e-01
9.667141485427672709e-01
9.668747346114643371e-01
9.670349388969757820e-01
9.671947613360426521e-01
9.673542018655572061e-01
9.675132604225620270e-01
9.676719369442509100e-01
9.678302313679681967e-01
9.679881436312093301e-01
9.681456736716207434e-01
9.683028214269993050e-01
9.684595868352934289e-01
9.686159698346020752e-01
9.687719703631755275e-01
9.689275883594148375e-01
9.690828237618720475e-01
9.692376765092506341e-01
9.693921465404049531e-01
9.695462337943403508e-01
9.696999382102134968e-01
9.698532597273321620e-01
9.700061982851554410e-01
9.701587538232934183e-01
9.703109262815076130e-01
9.704627155997107568e-01
9.706141217179666825e-01
9.707651445764908793e-01
9.709157841156499380e-01
9.710660402759617726e-01
9.712159129980958427e-01
9.713654022228729312e-01
9.715145078912652554e-01
9.716632299443964671e-01
9.718115683235416524e-01
9.719595229701276651e-01
9.721070938257323490e-01
9.722542808320856489e-01
9.724010839310688326e-01
9.725475030647147134e-01
9.726935381752077614e-01
9.728391892048839917e-01
9.729844560962314093e-01
9.731293387918894533e-01
9.732738372346491085e-01
9.734179513674533490e-01
9.735616811333968057e-01
9.737050264757258766e-01
9.738479873378389495e-01
9.739905636632858466e-01
9.741327553957684904e-01
9.742745624791406822e-01
9.744159848574078797e-01
9.745570224747277521e-01
9.746976752754096252e-01
9.748379432039149250e-01
9.749778262048571786e-01
9.751173242230014582e-01
9.752564372032653806e-01
9.753951650907182191e-01
9.755335078305815699e-01
9.756714653682289073e-01
9.758090376491858065e-01
9.759462246191301649e-01
9.760830262238918698e-01
9.762194424094530198e-01
9.763554731219478144e-01
9.764911183076628864e-01
9.766263779130368583e-01
9.767612518846606751e-01
9.768957401692777154e-01
9.770298427137833475e-01
9.771635594652254841e-01
9.772968903708043609e-01
9.774298353778724247e-01
9.775623944339346671e-01
9.776945674866484026e-01
9.778263544838233789e-01
9.779577553734216666e-01
9.780887701035578807e-01
9.782193986224994031e-01
9.783496408786656051e-01
9.784794968206286248e-01
9.786089663971132557e-01
9.787380495569966143e-01
9.788667462493086946e-01
9.789950564232317021e-01
9.791229800281007201e-01
9.792505170134035986e-01
9.793776673287806211e-01
9.795044309240247271e-01
9.796308077490816224e-01
9.797567977540498907e-01
9.798824008891806603e-01
9.800076171048779372e-01
9.801324463516983831e-01
9.802568885803515375e-01
9.803809437416997064e-01
9.805046117867581845e-01
9.806278926666950335e-01
9.807507863328309705e-01
9.808732927366401455e-01
9.809954118297490311e-01
9.811171435639374216e-01
9.812384878911378783e-01
9.813594447634359508e-01
9.814800141330705108e-01
9.816001959524327525e-01
9.817199901740676360e-01
9.818393967506726661e-01
9.819584156350986692e-01
9.820770467803494608e-01
9.821952901395819557e-01
9.823131456661061689e-01
9.824306133133853258e-01
9.825476930350358629e-01
9.826643847848273161e-01
9.827806885166822104e-01
9.828966041846767254e-01
9.830121317430399186e-01
9.831272711461542801e-01
9.832420223485554001e-01
9.833563853049323011e-01
9.834703599701273280e-01
9.835839462991361470e-01
9.836971442471075244e-01
9.838099537693437702e-01
9.839223748213007381e-01
9.840344073585873819e-01
9.841460513369663099e-01
9.842573067123531194e-01
9.843681734408176176e-01
9.844786514785821563e-01
9.845887407820232973e-01
9.846984413076709242e-01
9.848077530122080203e-01
9.849166758524717791e-01
9.850252097854522715e-01
9.851333547682936675e-01
9.852411107582934591e-01
9.853484777129026817e-01
9.854554555897261370e-01
9.855620443465222813e-01
9.856682439412030039e-01
9.857740543318341819e-01
9.858794754766350144e-01
9.859845073339786881e-01
9.860891498623919338e-01
9.861934030205552482e-01
9.862972667673030047e-01
9.864007410616232319e-01
9.865038258626576129e-01
9.866065211297019300e-01
9.867088268222055092e-01
9.868107428997715536e-01
9.869122693221572540e-01
9.870134060492735673e-01
9.871141530411854381e-01
9.872145102581112441e-01
9.873144776604239059e-01
9.874140552086499989e-01
9.875132428634698645e-01
9.876120405857180540e-01
9.877104483363829956e-01
9.878084660766069947e-01
9.879060937676865661e-01
9.880033313710721021e-01
9.881001788483679826e-01
9.881966361613329086e-01
9.882927032718792359e-01
9.883883801420736415e-01
9.884836667341370120e-01
9.885785630104440003e-01
9.886730689335235800e-01
9.887671844660589349e-01
9.888609095708873475e-01
9.889542442110000886e-01
9.890471883495428607e-01
9.891397419498154653e-01
9.892319049752716920e-01
9.893236773895200953e-01
9.894150591563227737e-01
9.895060502395967017e-01
9.895966506034128418e-01
9.896868602119962555e-01
9.897766790297266581e-01
9.898661070211378643e-01
9.899551441509180094e-01
9.900437903839096609e-01
9.901320456851098184e-01
9.902199100196694692e-01
9.903073833528943659e-01
9.903944656502444710e-01
9.904811568773342900e-01
9.905674569999325385e-01
9.906533659839625860e-01
9.907388837955020122e-01
9.908240104007830507e-01
9.909087457661923670e-01
9.909930898582711700e-01
9.910770426437148783e-01
9.911606040893737868e-01
9.912437741622524001e-01
9.913265528295102103e-01
9.914089400584606970e-01
9.914909358165723274e-01
9.915725400714678894e-01
9.916537527909250471e-01
9.917345739428756746e-01
9.918150034954066330e-01
9.918950414167592156e-01
9.919746876753294806e-01
9.920539422396679186e-01
9.921328050784797847e-01
9.922112761606252107e-01
9.922893554551188711e-01
9.923670429311299834e-01
9.924443385579826415e-01
9.925212423051558153e-01
9.925977541422829065e-01
9.926738740391521931e-01
9.927496019657068294e-01
9.928249378920446233e-01
9.928998817884181483e-01
9.929744336252348536e-01
9.930485933730570647e-01
9.931223610026016502e-01
9.931957364847405767e-01
9.932687197905005760e-01
9.933413108910632561e-01
9.934135097577649898e-01
9.934853163620972483e-01
9.935567306757060457e-01
9.936277526703927165e-01
9.936983823181131381e-01
9.937686195909782860e-01
9.938384644612541230e-01
9.939079169013614878e-01
9.939769768838760955e-01
9.940456443815287590e-01
9.941139193672051677e-01
9.941818018139461088e-01
9.942492916949472459e-01
9.943163889835593405e-01
9.943830936532882525e-01
9.944494056777946067e-01
9.945153250308942372e-01
9.945808516865580762e-01
9.946459856189120430e-01
9.947107268022372661e-01
9.947750752109696393e-01
9.948390308197004872e-01
9.949025936031760109e-01
9.949657635362977315e-01
9.950285405941220462e-01
9.950909247518606726e-01
9.951529159848804262e-01
9.952145142687032209e-01
9.952757195790061795e-01
9.953365318916215232e-01
9.953969511825366823e-01
9.954569774278945182e-01
9.955166106039926577e-01
9.955758506872842695e-01
9.956346976543776206e-01
9.956931514820361873e-01
9.957512121471787658e-01
9.958088796268792509e-01
9.958661538983668571e-01
9.959230349390262305e-01
9.959795227263971151e-01
9.960356172381744644e-01
9.960913184522085517e-01
9.961466263465053039e-01
9.962015408992254129e-01
9.962560620886853346e-01
9.963101898933565126e-01
9.963639242918659322e-01
9.964172652629958993e-01
9.964702127856840397e-01
9.965227668390231885e-01
9.965749274022618343e-01
9.966266944548035633e-01
9.966780679762076156e-01
9.967290479461884400e-01
9.967796343446159169e-01
9.968298271515152464e-01
9.968796263470672825e-01
9.969290319116080878e-01
9.969780438256292676e-01
9.970266620697777471e-01
9.970748866248561049e-01
9.971227174718221287e-01
9.971701545917891485e-01
9.972171979660260366e-01
9.972638475759572074e-01
9.973101034031623957e-01
9.973559654293767673e-01
9.974014336364911415e-01
9.974465080065518796e-01
9.974911885217607743e-01
9.975354751644750495e-01
9.975793679172075823e-01
9.976228667626267921e-01
9.976659716835565295e-01
9.977086826629762983e-01
9.977509996840210338e-01
9.977929227299813242e-01
9.978344517843034112e-01
9.978755868305888566e-01
9.979163278525949865e-01
9.979566748342346694e-01
9.979966277595765378e-01
9.980361866128444337e-01
9.980753513784180742e-01
9.981141220408327186e-01
9.981524985847793907e-01
9.981904809951045454e-01
9.982280692568102909e-01
9.982652633550543886e-01
9.983020632751503642e-01
9.983384690025671748e-01
9.983744805229295416e-01
9.984100978220179501e-01
9.984453208857684281e-01
9.984801497002725457e-01
9.985145842517778592e-01
9.985486245266872452e-01
9.985822705115596776e-01
9.986155221931094506e-01
9.986483795582067335e-01
9.986808425938773492e-01
9.987129112873028847e-01
9.987445856258205801e-01
9.987758655969233290e-01
9.988067511882599003e-01
9.988372423876347161e-01
9.988673391830079629e-01
9.988970415624954802e-01
9.989263495143688720e-01
9.989552630270555067e-01
9.989837820891385167e-01
9.990119066893567989e-01
9.990396368166049035e-01
9.990669724599333668e-01
9.990939136085482675e-01
9.991204602518115596e-01
9.991466123792409615e-01
9.991723699805098446e-01
9.991977330454476780e-01
9.992227015640393617e-01
9.992472755264257822e-01
9.992714549229037013e-01
9.992952397439254231e-01
9.993186299800992378e-01
9.993416256221893113e-01
9.993642266611153513e-01
9.993864330879531632e-01
9.994082448939340946e-01
9.994296620704457013e-01
9.994506846090308594e-01
9.994713125013887645e-01
9.994915457393741542e-01
9.995113843149976418e-01
9.995308282204257155e-01
9.995498774479807391e-01
9.995685319901407295e-01
9.995867918395399121e-01
9.996046569889679434e-01
9.996221274313706884e-01
9.996392031598495542e-01
9.996558841676621565e-01
9.996721704482216531e-01
9.996880619950971880e-01
9.997035588020137808e-01
9.997186608628524374e-01
9.997333681716498166e-01
9.997476807225984530e-01
9.997615985100469782e-01
9.997751215284997883e-01
9.997882497726170437e-01
9.998009832372148908e-01
9.998133219172654629e-01
9.998252658078965460e-01
9.998368149043919129e-01
9.998479692021914333e-01
9.998587286968906307e-01
9.998690933842407924e-01
9.998790632601495254e-01
9.998886383206798678e-01
9.998978185620511772e-01
9.999066039806384643e-01
9.999149945729726152e-01
9.999229903357406135e-01
9.999305912657850959e-01
9.999377973601047964e-01
9.999446086158543245e-01
9.999510250303441650e-01
9.999570466010405667e-01
9.999626733255660982e-01
9.999679052016987590e-01
9.999727422273727573e-01
9.999771844006780652e-01
9.999812317198606415e-01
9.999848841833225421e-01
9.999881417896212543e-01
9.999910045374706957e-01
9.999934724257403262e-01
9.999955454534557031e-01
9.999972236197983699e-01
9.999985069241055236e-01
9.999993953658705692e-01
9.999998889447425654e-01
9.999999876605267790e-01
9.999996915131840192e-01
9.999990005028314144e-01
9.999979146297417465e-01
9.999964338943437836e-01
9.999945582972221692e-01
9.999922878391175329e-01
9.999896225209264911e-01
9.999865623437013129e-01
9.999831073086504762e-01
9.999792574171382231e-01
9.999750126706847819e-01
9.999703730709660343e-01
9.999653386198142924e-01
9.999599093192171884e-01
9.999540851713187850e-01
9.999478661784186873e-01
9.999412523429725974e-01
9.999342436675920931e-01
9.999268401550445162e-01
9.999190418082534171e-01
9.999108486302978882e-01
9.999022606244133415e-01
9.998932777939906202e-01
9.998839001425769979e-01
9.998741276738750683e-01
9.998639603917437446e-01
9.998533983001977044e-01
9.998424414034076113e-01
9.998310897056998936e-01
9.998193432115568546e-01
9.998072019256167842e-01
9.997946658526737362e-01
9.997817349976779733e-01
9.997684093657351889e-01
9.997546889621073962e-01
9.997405737922120395e-01
9.997260638616228823e-01
9.997111591760692306e-01
9.996958597414364878e-01
9.996801655637657102e-01
9.996640766492540520e-01
9.996475930042544311e-01
9.996307146352756412e-01
9.996134415489822400e-01
9.995957737521947717e-01
9.995777112518896557e-01
9.995592540551990757e-01
9.995404021694110908e-01
9.995211556019696353e-01
9.995015143604744079e-01
9.994814784526810936e-01
9.994610478865010306e-01
9.994402226700015435e-01
9.994190028114058322e-01
9.993973883190926388e-01
9.993753792015969140e-01
9.993529754676092614e-01
9.993301771259759381e-01
9.993069841856992985e-01
9.992833966559372394e-01
9.992594145460037547e-01
9.992350378653683807e-01
9.992102666236566400e-01
9.991851008306497084e-01
9.991595404962847482e-01
9.991335856306545748e-01
9.991072362440076571e-01
9.990804923467485610e-01
9.990533539494373949e-01
9.990258210627901425e-01
9.989978936976784407e-01
9.989695718651299128e-01
9.989408555763277242e-01
9.989117448426108048e-01
9.988822396754740707e-01
9.988523400865679802e-01
9.988220460876987561e-01
9.987913576908282742e-01
9.987602749080743969e-01
9.987287977517105286e-01
9.986969262341658382e-01
9.986646603680251477e-01
9.986320001660291545e-01
9.985989456410740983e-01
9.985654968062120940e-01
9.985316536746507987e-01
9.984974162597535230e-01
9.984627845750394526e-01
9.984277586341833155e-01
9.983923384510156041e-01
9.983565240395225748e-01
9.983203154138456936e-01
9.982837125882827456e-01
9.982467155772866141e-01
9.982093243954660577e-01
9.981715390575857105e-01
9.981333595785653046e-01
9.980947859734807803e-01
9.980558182575631765e-01
9.980164564461996290e-01
9.979767005549324832e-01
9.979365505994600705e-01
9.978960065956359315e-01
9.978550685594694825e-01
9.978137365071256815e-01
9.977720104549250291e-01
9.977298904193435680e-01
9.976873764170128833e-01
9.976444684647203243e-01
9.976011665794085603e-01
9.975574707781759143e-01
9.975133810782763621e-01
9.974688974971190891e-01
9.974240200522692668e-01
9.973787487614471647e-01
9.973330836425288171e-01
9.972870247135456889e-01
9.972405719926847878e-01
9.971937254982884413e-01
9.971464852488548525e-01
9.970988512630372114e-01
9.970508235596444724e-01
9.970024021576411322e-01
9.969535870761468965e-01
9.969043783344370135e-01
9.968547759519423845e-01
9.968047799482488980e-01
9.967543903430984287e-01
9.967036071563877275e-01
9.966524304081693098e-01
9.966008601186510107e-01
9.965488963081959861e-01
9.964965389973228227e-01
9.964437882067055385e-01
9.963906439571734719e-01
9.963371062697111702e-01
9.962831751654589452e-01
9.962288506657120957e-01
9.961741327919213518e-01
9.961190215656927638e-01
9.960635170087877022e-01
9.960076191431228576e-01
9.959513279907704630e-01
9.958946435739575165e-01
9.958375659150667802e-01
9.957800950366361148e-01
9.957222309613584788e-01
9.956639737120824840e-01
9.956053233118117296e-01
9.955462797837049127e-01
9.954868431510763838e-01
9.954270134373953693e-01
9.953667906662863052e-01
9.953061748615291693e-01
9.952451660470587047e-01
9.951837642469651968e-01
9.951219694854939180e-01
9.950597817870453499e-01
9.949972011761749613e-01
9.949342276775937632e-01
9.948708613161674208e-01
9.948071021169172523e-01
9.947429501050192302e-01
9.946784053058046471e-01
9.946134677447598937e-01
9.945481374475263481e-01
9.944824144399007082e-01
9.944162987478343263e-01
9.943497903974339858e-01
9.942828894149614571e-01
9.942155958268333871e-01
9.941479096596215204e-01
9.940798309400525890e-01
9.940113596950084229e-01
9.939424959515258395e-01
9.938732397367965321e-01
9.938035910781671811e-01
9.937335500031396762e-01
9.936631165393703391e-01
9.935922907146710337e-01
9.935210725570080559e-01
9.934494620945030219e-01
9.933774593554322019e-01
9.933050643682266312e-01
9.932322771614726653e-01
9.931590977639113138e-01
9.930855262044381293e-01
9.930115625121040956e-01
9.929372067161146287e-01
9.928624588458301314e-01
9.927873189307656610e-01
9.927117870005913725e-01
9.926358630851319642e-01
9.925595472143668996e-01
9.924828394184307401e-01
9.924057397276123682e-01
9.923282481723555426e-01
9.922503647832591200e-01
9.921720895910760563e-01
9.920934226267145162e-01
9.920143639212372078e-01
9.919349135058613820e-01
9.918550714119591660e-01
9.917748376710572300e-01
9.916942123148368982e-01
9.916131953751341488e-01
9.915317868839396143e-01
9.914499868733985810e-01
9.913677953758106565e-01
9.912852124236304352e-01
9.912022380494668328e-01
9.911188722860831968e-01
9.910351151663978619e-01
9.909509667234832619e-01
9.908664269905664845e-01
9.907814960010292715e-01
9.906961737884076857e-01
9.906104603863923330e-01
9.905243558288282513e-01
9.904378601497150214e-01
9.903509733832065454e-01
9.902636955636111571e-01
9.901760267253916226e-01
9.900879669031653618e-01
9.899995161317037828e-01
9.899106744459327256e-01
9.898214418809326842e-01
9.897318184719383627e-01
9.896418042543384530e-01
9.895513992636765233e-01
9.894606035356500184e-01
9.893694171061109266e-01
9.892778400110653347e-01
9.891858722866737619e-01
9.890935139692506040e-01
9.890007650952651330e-01
9.889076257013401650e-01
9.888140958242531697e-01
9.887201755009356052e-01
9.886258647684731393e-01
9.885311636641055388e-01
9.884360722252268916e-01
9.883405904893852734e-01
9.882447184942827478e-01
9.881484562777759217e-01
9.880518038778749457e-01
9.879547613327444022e-01
9.878573286807027509e-01
9.877595059602226613e-01
9.876612932099306796e-01
9.875626904686072294e-01
9.874636977751871658e-01
9.873643151687588881e-01
9.872645426885650055e-01
9.871643803740018930e-01
9.870638282646200246e-01
9.869628864001236401e-01
9.868615548203711896e-01
9.867598335653745556e-01
9.866577226752997198e-01
9.865552221904665409e-01
9.864523321513487542e-01
9.863490525985738611e-01
9.862453835729229068e-01
9.861413251153312576e-01
9.860368772668876014e-01
9.859320400688346142e-01
9.858268135625686268e-01
9.857211977896397359e-01
9.856151927917515820e-01
9.855087986107617937e-01
9.854020152886813211e-01
9.852948428676751025e-01
9.851872813900616199e-01
9.850793308983128993e-01
9.849709914350545104e-01
9.848622630430657887e-01
9.847531457652795028e-01
9.846436396447821870e-01
9.845337447248136975e-01
9.844234610487674342e-01
9.843127886601903409e-01
9.842017276027830164e-01
9.840902779203991591e-01
9.839784396570463443e-01
9.838662128568852472e-01
9.837535975642300867e-01
9.836405938235486257e-01
9.835272016794617267e-01
9.834134211767439071e-01
9.832992523603227841e-01
9.831846952752795188e-01
9.830697499668482608e-01
9.829544164804169259e-01
9.828386948615263075e-01
9.827225851558706315e-01
9.826060874092974462e-01
9.824892016678071771e-01
9.823719279775540159e-01
9.822542663848446987e-01
9.821362169361397276e-01
9.820177796780522606e-01
9.818989546573488880e-01
9.817797419209493004e-01
9.816601415159261768e-01
9.815401534895051849e-01
9.814197778890653145e-01
9.812990147621384329e-01
9.811778641564093961e-01
9.810563261197160490e-01
9.809344007000494470e-01
9.808120879455533014e-01
9.806893879045245344e-01
9.805663006254128344e-01
9.804428261568207681e-01
9.803189645475038905e-01
9.801947158463705234e-01
9.800700801024819775e-01
9.799450573650522189e-01
9.798196476834483137e-01
9.796938511071897615e-01
9.795676676859490506e-01
9.794410974695512140e-01
9.793141405079743844e-01
9.791867968513490172e-01
9.790590665499585565e-01
9.789309496542388800e-01
9.788024462147787430e-01
9.786735562823193346e-01
9.785442799077544995e-01
9.784146171421307381e-01
9.782845680366472063e-01
9.781541326426553828e-01
9.780233110116594020e-01
9.778921031953159426e-01
9.777605092454341174e-01
9.776285292139755834e-01
9.774961631530543205e-01
9.773634111149367421e-01
9.772302731520418062e-01
9.770967493169409046e-01
9.769628396623575295e-01
9.768285442411677177e-01
9.766938631063996068e-01
9.765587963112341008e-01
9.764233439090039823e-01
9.762875059531943567e-01
9.761512824974426517e-01
9.760146735955385067e-01
9.758776793014237727e-01
9.757402996691922903e-01
9.756025347530903336e-01
9.754643846075162772e-01
9.753258492870203744e-01
9.751869288463052010e-01
9.750476233402252113e-01
9.749079328237871822e-01
9.747678573521495471e-01
9.746273969806231730e-01
9.744865517646704722e-01
9.743453217599060689e-01
9.742037070220965767e-01
9.740617076071603764e-01
9.739193235711678387e-01
9.737765549703411017e-01
9.736334018610542929e-01
9.734898642998333074e-01
9.733459423433556967e-01
9.732016360484511130e-01
9.730569454721006428e-01
9.729118706714374731e-01
9.727664117037460034e-01
9.726205686264628447e-01
9.724743414971759314e-01
9.723277303736249655e-01
9.721807353137014163e-01
9.720333563754480766e-01
9.718855936170595067e-01
9.717374470968817013e-01
9.715889168734123116e-01
9.714400030053005342e-01
9.712907055513467780e-01
9.711410245705033306e-01
9.709909601218734698e-01
9.708405122647122409e-01
9.706896810584259017e-01
9.705384665625722551e-01
9.703868688368600948e-01
9.702348879411500926e-01
9.700825239354535778e-01
9.699297768799336472e-01
9.697766468349044988e-01
9.696231338608314321e-01
9.694692380183311808e-01
9.693149593681714693e-01
9.691602979712713450e-01
9.690052538887007350e-01
9.688498271816808893e-01
9.686940179115841598e-01
9.685378261399338884e-01
9.683812519284042963e-01
9.682242953388209283e-01
9.680669564331599863e-01
9.679092352735489957e-01
9.677511319222660280e-01
9.675926464417404782e-01
9.674337788945521766e-01
9.672745293434323877e-01
9.671148978512625893e-01
9.669548844810754717e-01
9.667944892960544934e-01
9.666337123595336589e-01
9.664725537349979634e-01
9.663110134860829481e-01
9.661490916765749226e-01
9.659867883704108538e-01
9.658241036316783656e-01
9.656610375246155176e-01
9.654975901136112482e-01
9.653337614632048203e-01
9.651695516380862649e-01
9.650049607030959375e-01
9.648399887232246286e-01
9.646746357636136748e-01
9.645089018895549593e-01
9.643427871664908002e-01
9.641762916600135069e-01
9.640094154358661571e-01
9.638421585599420416e-01
9.636745210982847754e-01
9.635065031170880756e-01
9.633381046826959837e-01
9.631693258616030873e-01
9.630001667204538540e-01
9.628306273260428538e-01
9.626607077453149808e-01
9.624904080453653421e-01
9.623197282934389252e-01
9.621486685569308195e-01
9.619772289033862167e-01
9.618054094005004107e-01
9.616332101161185753e-01
9.614606311182357645e-01
9.612876724749970236e-01
9.611143342546976109e-01
9.609406165257821097e-01
9.607665193568454276e-01
9.605920428166320191e-01
9.604171869740362188e-01
9.602419518981022417e-01
9.600663376580239605e-01
9.598903443231449062e-01
9.597139719629582677e-01
9.595372206471072252e-01
9.593600904453841727e-01
9.591825814277313844e-01
9.590046936642404596e-01
9.588264272251529885e-01
9.586477821808596644e-01
9.584687586019008387e-01
9.582893565589662987e-01
9.581095761228952679e-01
9.579294173646766275e-01
9.577488803554481400e-01
9.575679651664973369e-01
9.573866718692610744e-01
9.572050005353252011e-01
9.570229512364251123e-01
9.568405240444454174e-01
9.566577190314197177e-01
9.564745362695311615e-01
9.562909758311117780e-01
9.561070377886428107e-01
9.559227222147546055e-01
9.557380291822267226e-01
9.555529587639873812e-01
9.553675110331143472e-01
9.551816860628338235e-01
9.549954839265214490e-01
9.548089046977015215e-01
9.546219484500473307e-01
9.544346152573808251e-01
9.542469051936731672e-01
9.540588183330440675e-01
9.538703547497621171e-01
9.536815145182445663e-01
9.534922977130575461e-01
9.533027044089158464e-01
9.531127346806828049e-01
9.529223886033704183e-01
9.527316662521392310e-01
9.525405677022987794e-01
9.523490930293065926e-01
9.521572423087690806e-01
9.519650156164408683e-01
9.517724130282253503e-01
9.515794346201741361e-01
9.513860804684873829e-01
9.511923506495132408e-01
9.509982452397487407e-01
9.508037643158387953e-01
9.506089079545768650e-01
9.504136762329044030e-01
9.502180692279114105e-01
9.500220870168357701e-01
9.498257296770635794e-01
9.496289972861291506e-01
9.494318899217148999e-01
9.492344076616512361e-01
9.490365505839166715e-01
9.488383187666376006e-01
9.486397122880882993e-01
9.484407312266914802e-01
9.482413756610172939e-01
9.480416456697838834e-01
9.478415413318570515e-01
9.476410627262510378e-01
9.474402099321271864e-01
9.472389830287949453e-01
9.470373820957111999e-01
9.468354072124810505e-01
9.466330584588568131e-01
9.464303359147384631e-01
9.462272396601736357e-01
9.460237697753576258e-01
9.458199263406332769e-01
9.456157094364907589e-01
9.454111191435676798e-01
9.452061555426494177e-01
9.450008187146684557e-01
9.447951087407047144e-01
9.445890257019855518e-01
9.443825696798853198e-01
9.441757407559262516e-01
9.439685390117772412e-01
9.437609645292546201e-01
9.435530173903219353e-01
9.433446976770899495e-01
9.431360054718161967e-01
9.429269408569057598e-01
9.427175039149103819e-01
9.425076947285292439e-01
9.422975133806079651e-01
9.420869599541394912e-01
9.418760345322636507e-01
9.416647371982671544e-01
9.414530680355835957e-01
9.412410271277931173e-01
9.410286145586228557e-01
9.408158304119469406e-01
9.406026747717858294e-01
9.403891477223067508e-01
9.401752493478239270e-01
9.399609797327975746e-01
9.397463389618351259e-01
9.395313271196903404e-01
9.393159442912633050e-01
9.391001905616007672e-01
9.388840660158960238e-01
9.386675707394885881e-01
9.384507048178646338e-01
9.382334683366562178e-01
9.380158613816423907e-01
9.377978840387478643e-01
9.375795363940438998e-01
9.373608185337478638e-01
9.371417305442235612e-01
9.369222725119806805e-01
9.367024445236750152e-01
9.364822466661085754e-01
9.362616790262294764e-01
9.360407416911317169e-01
9.358194347480552899e-01
9.355977582843860718e-01
9.353757123876558222e-01
9.351532971455426280e-01
9.349305126458697934e-01
9.347073589766068391e-01
9.344838362258688358e-01
9.342599444819167376e-01
9.340356838331570488e-01
9.338110543681421571e-01
9.335860561755697784e-01
9.333606893442836228e-01
9.331349539632726175e-01
9.329088501216714624e-01
9.326823779087599631e-01
9.324555374139638086e-01
9.322283287268541274e-01
9.320007519371469318e-01
9.317728071347040064e-01
9.315444944095325752e-01
9.313158138517846352e-01
9.310867655517578445e-01
9.308573495998948566e-01
9.306275660867835420e-01
9.303974151031570994e-01
9.301668967398936116e-01
9.299360110880161567e-01
9.297047582386930298e-01
9.294731382832375211e-01
9.292411513131078049e-01
9.290087974199069398e-01
9.287760766953828684e-01
9.285429892314285283e-01
9.283095351200815193e-01
9.280757144535243253e-01
9.278415273240838701e-01
9.276069738242322948e-01
9.273720540465859585e-01
9.271367680839061043e-01
9.269011160290984153e-01
9.266650979752133477e-01
9.264287140154455757e-01
9.261919642431345467e-01
9.259548487517639259e-01
9.257173676349617075e-01
9.254795209865007699e-01
9.252413089002977653e-01
9.250027314704138970e-01
9.247637887910545862e-01
9.245244809565696942e-01
9.242848080614527451e-01
9.240447702003419250e-01
9.238043674680191941e-01
9.235635999594109524e-01
9.233224677695872629e-01
9.230809709937622953e-01
9.228391097272942156e-01
9.225968840656852965e-01
9.223542941045813626e-01
9.221113399397723454e-01
9.218680216671917282e-01
9.216243393829171016e-01
9.213802931831696075e-01
9.211358831643139400e-01
9.208911094228587890e-01
9.206459720554560633e-01
9.204004711589016674e-01
9.201546068301348358e-01
9.199083791662382437e-01
9.196617882644380071e-01
9.194148342221041270e-01
9.191675171367493791e-01
9.189198371060302017e-01
9.186717942277462523e-01
9.184233885998407398e-01
9.181746203203996481e-01
9.179254894876526238e-01
9.176759961999719772e-01
9.174261405558736815e-01
9.171759226540163734e-01
9.169253425932017976e-01
9.166744004723749173e-01
9.164230963906235816e-01
9.161714304471783032e-01
9.159194027414129247e-01
9.156670133728437300e-01
9.154142624411298890e-01
9.151611500460736792e-01
9.149076762876197089e-01
9.146538412658553607e-01
9.143996450810107923e-01
9.141450878334588248e-01
9.138901696237146099e-01
9.136348905524358521e-01
9.133792507204230304e-01
9.131232502286187325e-01
9.128668891781083206e-01
9.126101676701191545e-01
9.123530858060210358e-01
9.120956436873263184e-01
9.118378414156892431e-01
9.115796790929064919e-01
9.113211568209168556e-01
9.110622747018011225e-01
9.108030328377825224e-01
9.105434313312259498e-01
9.102834702846385184e-01
9.100231498006692288e-01
9.097624699821090788e-01
9.095014309318908419e-01
9.092400327530892890e-01
9.089782755489209665e-01
9.087161594227440853e-01
9.084536844780585207e-01
9.081908508185062567e-01
9.079276585478702755e-01
9.076641077700757787e-01
9.074001985891889666e-01
9.071359311094180367e-01
9.068713054351126290e-01
9.066063216707632710e-01
9.063409799210024875e-01
9.060752802906041348e-01
9.058092228844829563e-01
9.055428078076953602e-01
9.052760351654385307e-01
9.050089050630514276e-01
9.047414176060140090e-01
9.044735728999467872e-01
9.042053710506122721e-01
9.039368121639129727e-01
9.036678963458931735e-01
9.033986237027380461e-01
9.031289943407728726e-01
9.028590083664645993e-01
9.025886658864210599e-01
9.023179670073899761e-01
9.020469118362608452e-01
9.017755004800629415e-01
9.015037330459667597e-01
9.012316096412835709e-01
9.009591303734643120e-01
9.006862953501012514e-01
9.004131046789272119e-01
9.001395584678144601e-01
8.998656568247769272e-01
8.995913998579678772e-01
8.993167876756813506e-01
8.990418203863518309e-01
8.987664980985532459e-01
8.984908209210008545e-01
8.982147889625488046e-01
8.979384023321923536e-01
8.976616611390663136e-01
8.973845654924453852e-01
8.971071155017444898e-01
8.968293112765187702e-01
8.965511529264622581e-01
8.962726405614100944e-01
8.959937742913358649e-01
8.957145542263539317e-01
8.954349804767182119e-01
8.951550531528216226e-01
8.948747723651974129e-01
8.945941382245181650e-01
8.943131508415957942e-01
8.940318103273821038e-01
8.937501167929676749e-01
8.934680703495831988e-01
8.931856711085984779e-01
8.929029191815223143e-01
8.926198146800032873e-01
8.923363577158286430e-01
8.920525484009252937e-01
8.917683868473591513e-01
8.914838731673347949e-01
8.911990074731963585e-01
8.909137898774270869e-01
8.906282204926484480e-01
8.903422994316215755e-01
8.900560268072459369e-01
8.897694027325601107e-01
8.894824273207415644e-01
8.891951006851059880e-01
8.889074229391081827e-01
8.886193941963418386e-01
8.883310145705383132e-01
8.880422841755685193e-01
8.877532031254411482e-01
8.874637715343037803e-01
8.871739895164424405e-01
8.868838571862810438e-01
8.865933746583826158e-01
8.863025420474474059e-01
8.860113594683147742e-01
8.857198270359621928e-01
8.854279448655046902e-01
8.851357130721958510e-01
8.848431317714277045e-01
8.845502010787291702e-01
8.842569211097682791e-01
8.839632919803500632e-01
8.836693138064181108e-01
8.833749867040535664e-01
8.830803107894751314e-01
8.827852861790396188e-01
8.824899129892416205e-01
8.821941913367126187e-01
8.818981213382225404e-01
8.816017031106783142e-01
8.813049367711246473e-01
8.810078224367438038e-01
8.807103602248549379e-01
8.804125502529152048e-01
8.801143926385185390e-01
8.798158874993965428e-01
8.795170349534179310e-01
8.792178351185884200e-01
8.789182881130510605e-01
8.786183940550860161e-01
8.783181530631102296e-01
8.780175652556779786e-01
8.777166307514799870e-01
8.774153496693444243e-01
8.771137221282362395e-01
8.768117482472567170e-01
8.765094281456442538e-01
8.762067619427743592e-01
8.759037497581581011e-01
8.756003917114442148e-01
8.752966879224174379e-01
8.749926385109992877e-01
8.746882435972478387e-01
8.743835033013569458e-01
8.740784177436579094e-01
8.737729870446172553e-01
8.734672113248383996e-01
8.731610907050613157e-01
8.728546253061613136e-01
8.725478152491502604e-01
8.722406606551765806e-01
8.719331616455238132e-01
8.716253183416123873e-01
8.713171308649978464e-01
8.710085993373722912e-01
8.706997238805636030e-01
8.703905046165349990e-01
8.700809416673859209e-01
8.697710351553514796e-01
8.694607852028020112e-01
8.691501919322442982e-01
8.688392554663195710e-01
8.685279759278053957e-01
8.682163534396150073e-01
8.679043881247959780e-01
8.675920801065324373e-01
8.672794295081428517e-01
8.669664364530815792e-01
8.666531010649384248e-01
8.663394234674374195e-01
8.660254037844385966e-01
8.657110421399367706e-01
8.653963386580614259e-01
8.650812934630779383e-01
8.647659066793854654e-01
8.644501784315188342e-01
8.641341088441477636e-01
8.638176980420760875e-01
8.635009461502427541e-01
8.631838532937219366e-01
8.628664195977212570e-01
8.625486451875841176e-01
8.622305301887874807e-01
8.619120747269434224e-01
8.615932789277983561e-01
8.612741429172328100e-01
8.609546668212618714e-01
8.606348507660350755e-01
8.603146948778356284e-01
8.599941992830817394e-01
8.596733641083248445e-01
8.593521894802511607e-01
8.590306755256807980e-01
8.587088223715675372e-01
8.583866301449996072e-01
8.580640989731983526e-01
8.577412289835198989e-01
8.574180203034537096e-01
8.570944730606225859e-01
8.567705873827836660e-01
8.564463633978276480e-01
8.561218012337781236e-01
8.557969010187933545e-01
8.554716628811638301e-01
8.551460869493143768e-01
8.548201733518032697e-01
8.544939222173211224e-01
8.541673336746928857e-01
8.538404078528764041e-01
8.535131448809623045e-01
8.531855448881751069e-01
8.528576080038713370e-01
8.525293343575416349e-01
8.522007240788093130e-01
8.518717772974300217e-01
8.515424941432930828e-01
8.512128747464199341e-01
8.508829192369652406e-01
8.505526277452165607e-01
8.502220004015933474e-01
8.498910373366483917e-01
8.495597386810670448e-01
8.492281045656664418e-01
8.488961351213971662e-01
8.485638304793412523e-01
8.482311907707137388e-01
8.478982161268621143e-01
8.475649066792650954e-01
8.472312625595347368e-01
8.468972838994149877e-01
8.465629708307812473e-01
8.462283234856419201e-01
8.458933419961363054e-01
8.455580264945365965e-01
8.452223771132467700e-01
8.448863939848018090e-01
8.445500772418695901e-01
8.442134270172486632e-01
8.438764434438702500e-01
8.435391266547966893e-01
8.432014767832216595e-01
8.428634939624708444e-01
8.425251783260013783e-01
8.421865300074012906e-01
8.418475491403906164e-01
8.415082358588200639e-01
8.411685902966720141e-01
8.408286125880604089e-01
8.404883028672294198e-01
8.401476612685548906e-01
8.398066879265438933e-01
8.394653829758339514e-01
8.391237465511940385e-01
8.387817787875234687e-01
8.384394798198528953e-01
8.380968497833437558e-01
8.377538888132876060e-01
8.374105970451074521e-01
8.370669746143563072e-01
8.367230216567179690e-01
8.363787383080072413e-01
8.360341247041682688e-01
8.356891809812766470e-01
8.353439072755380890e-01
8.349983037232879823e-01
8.346523704609929428e-01
8.343061076252487052e-01
8.339595153527821214e-01
8.336125937804497177e-01
8.332653430452375831e-01
8.329177632842625911e-01
8.325698546347714002e-01
8.322216172341396767e-01
8.318730512198742044e-01
8.315241567296102199e-01
8.311749339011136328e-01
8.308253828722799161e-01
8.304755037811333285e-01
8.301252967658286908e-01
8.297747619646494988e-01
8.294238995160090333e-01
8.290727095584503603e-01
8.287211922306449985e-01
8.283693476713942516e-01
8.280171760196288755e-01
8.276646774144080787e-01
8.273118519949209659e-01
8.269586999004847616e-01
8.266052212705465863e-01
8.262514162446822352e-01
8.258972849625958457e-01
8.255428275641210067e-01
8.251880441892200935e-01
8.248329349779836006e-01
8.244775000706314749e-01
8.241217396075113388e-01
8.237656537291002667e-01
8.234092425760035638e-01
8.230525062889543220e-01
8.226954450088151960e-01
8.223380588765759613e-01
8.219803480333554013e-01
8.216223126204007521e-01
8.212639527790862592e-01
8.209052686509153984e-01
8.205462603775196540e-01
8.201869281006574086e-01
8.198272719622164972e-01
8.194672921042112090e-01
8.191069886687846191e-01
8.187463617982075892e-01
8.183854116348776575e-01
8.180241383213212591e-01
8.176625420001919498e-01
8.173006228142702945e-01
8.169383809064655333e-01
8.165758164198129165e-01
8.162129294974761473e-01
8.158497202827461603e-01
8.154861889190403446e-01
8.151223355499043199e-01
8.147581603190098276e-01
8.143936633701566175e-01
8.140288448472712268e-01
8.136637048944066475e-01
8.132982436557434358e-01
8.129324612755888246e-01
8.125663578983765012e-01
8.121999336686676063e-01
8.118331887311489581e-01
8.114661232306350502e-01
8.110987373120667199e-01
8.107310311205104814e-01
8.103630048011604137e-01
8.099946584993366061e-01
8.096259923604849362e-01
8.092570065301787352e-01
8.088877011541163453e-01
8.085180763781230073e-01
8.081481323481503054e-01
8.077778692102747238e-01
8.074072871107004223e-01
8.070363861957557949e-01
8.066651666118962449e-01
8.062936285057030750e-01
8.059217720238823768e-01
8.055495973132669185e-01
8.051771045208149236e-01
8.048042937936095154e-01
8.044311652788604938e-01
8.040577191239021149e-01
8.036839554761946447e-01
8.033098744833238047e-01
8.029354762929998834e-01
8.025607610530592906e-01
8.021857289114634471e-01
8.018103800162981187e-01
8.014347145157754149e-01
8.010587325582312346e-01
8.006824342921271542e-01
8.003058198660497613e-01
7.999288894287097662e-01
7.995516431289436676e-01
7.991740811157114210e-01
7.987962035380987702e-01
7.984180105453158038e-01
7.980395022866965116e-01
7.976606789117001162e-01
7.972815405699102964e-01
7.969020874110341879e-01
7.965223195849043814e-01
7.961422372414767024e-01
7.957618405308319876e-01
7.953811296031750855e-01
7.950001046088340795e-01
7.946187656982621750e-01
7.942371130220360342e-01
7.938551467308558873e-01
7.934728669755466424e-01
7.930902739070559981e-01
7.927073676764558874e-01
7.923241484349424768e-01
7.919406163338340576e-01
7.915567715245741542e-01
7.911726141587280825e-01
7.907881443879859473e-01
7.904033623641607553e-01
7.900182682391884148e-01
7.896328621651284019e-01
7.892471442941638715e-01
7.888611147785999922e-01
7.884747737708661663e-01
7.880881214235134768e-01
7.877011578892171295e-01
7.873138833207748988e-01
7.869262978711069056e-01
7.865384016932563949e-01
7.861501949403897349e-01
7.857616777657947527e-01
7.853728503228831759e-01
7.849837127651880797e-01
7.845942652463657740e-01
7.842045079201950264e-01
7.838144409405761737e-01
7.834240644615326765e-01
7.830333786372093430e-01
7.826423836218738828e-01
7.822510795699161301e-01
7.818594666358469336e-01
7.814675449743002655e-01
7.810753147400315566e-01
7.806827760879178069e-01
7.802899291729584741e-01
7.798967741502736972e-01
7.795033111751062949e-01
7.791095404028205440e-01
7.787154619889014029e-01
7.783210760889562874e-01
7.779263828587137386e-01
7.775313824540232011e-01
7.771360750308562437e-01
7.767404607453046728e-01
7.763445397535820858e-01
7.759483122120236498e-01
7.755517782770842139e-01
7.751549381053410848e-01
7.747577918534913621e-01
7.743603396783534931e-01
7.739625817368671612e-01
7.735645181860916209e-01
7.731661491832078070e-01
7.727674748855173359e-01
7.723684954504412836e-01
7.719692110355226289e-01
7.715696217984233662e-01
7.711697278969269487e-01
7.707695294889368443e-01
7.703690267324763141e-01
7.699682197856893007e-01
7.695671088068398724e-01
7.691656939543115579e-01
7.687639753866087888e-01
7.683619532623549020e-01
7.679596277402938043e-01
7.675569989792893066e-01
7.671540671383242360e-01
7.667508323765018785e-01
7.663472948530443141e-01
7.659434547272939708e-01
7.655393121587125149e-01
7.651348673068806283e-01
7.647301203314987861e-01
7.643250713923870343e-01
7.639197206494836578e-01
7.635140682628472897e-01
7.631081143926544685e-01
7.627018591992017482e-01
7.622953028429045874e-01
7.618884454842965726e-01
7.614812872840309721e-01
7.610738284028798484e-01
7.606660690017330584e-01
7.602580092416002522e-01
7.598496492836087635e-01
7.594409892890051639e-01
7.590320294191543748e-01
7.586227698355391125e-01
7.582132106997615528e-01
7.578033521735406675e-01
7.573931944187148879e-01
7.569827375972407735e-01
7.565719818711919009e-01
7.561609274027608629e-01
7.557495743542582689e-01
7.553379228881116347e-01
7.549259731668676032e-01
7.545137253531892796e-01
7.541011796098583408e-01
7.536883360997743697e-01
7.532751949859533003e-01
7.528617564315296384e-01
7.524480205997554627e-01
7.520339876539990920e-01
7.516196577577475280e-01
7.512050310746036796e-01
7.507901077682885838e-01
7.503748880026407386e-01
7.499593719416142168e-01
7.495435597492817736e-01
7.491274515898317388e-01
7.487110476275700144e-01
7.482943480269195202e-01
7.478773529524190833e-01
7.474600625687248812e-01
7.470424770406098869e-01
7.466245965329624257e-01
7.462064212107889505e-01
7.457879512392108223e-01
7.453691867834666418e-01
7.449501280089112498e-01
7.445307750810151726e-01
7.441111281653655096e-01
7.436911874276657120e-01
7.432709530337343606e-01
7.428504251495070543e-01
7.424296039410341885e-01
7.420084895744827325e-01
7.415870822161356735e-01
7.411653820323905739e-01
7.407433891897619027e-01
7.403211038548784817e-01
7.398985261944854841e-01
7.394756563754435463e-01
7.390524945647277688e-01
7.386290409294294923e-01
7.382052956367552987e-01
7.377812588540257899e-01
7.373569307486783631e-01
7.369323114882635473e-01
7.365074012404484449e-01
7.360822001730147335e-01
7.356567084538578882e-01
7.352309262509891807e-01
7.348048537325347906e-01
7.343784910667342514e-01
7.339518384219432257e-01
7.335248959666303969e-01
7.330976638693800229e-01
7.326701422988903811e-01
7.322423314239736580e-01
7.318142314135569482e-01
7.313858424366808109e-01
7.309571646625003805e-01
7.305281982602850332e-01
7.300989433994171662e-01
7.296694002493940845e-01
7.292395689798267799e-01
7.288094497604391542e-01
7.283790427610701279e-01
7.279483481516708654e-01
7.275173661023071059e-01
7.270860967831580535e-01
7.266545403645154888e-01
7.262226970167854345e-01
7.257905669104872670e-01
7.253581502162524952e-01
7.249254471048272030e-01
7.244924577470693849e-01
7.240591823139507222e-01
7.236256209765560277e-01
7.231917739060821360e-01
7.227576412738399014e-01
7.223232232512516449e-01
7.218885200098533739e-01
7.214535317212935617e-01
7.210182585573325920e-01
7.205827006898439802e-01
7.201468582908138183e-01
7.197107315323395538e-01
7.192743205866320988e-01
7.188376256260137209e-01
7.184006468229191533e-01
7.179633843498957058e-01
7.175258383796015993e-01
7.170880090848077426e-01
7.166498966383972880e-01
7.162115012133638547e-01
7.157728229828145272e-01
7.153338621199663017e-01
7.148946187981490841e-01
7.144550931908041358e-01
7.140152854714832964e-01
7.135751958138510931e-01
7.131348243916819651e-01
7.126941713788627064e-01
7.122532369493913551e-01
7.118120212773759725e-01
7.113705245370366415e-01
7.109287469027044670e-01
7.104866885488205774e-01
7.100443496499380114e-01
7.096017303807196086e-01
7.091588309159397863e-01
7.087156514304833177e-01
7.082721920993448883e-01
7.078284530976305389e-01
7.073844346005567774e-01
7.069401367834495797e-01
7.064955598217463884e-01
7.060507038909934474e-01
7.056055691668484675e-01
7.051601558250790713e-01
7.047144640415616834e-01
7.042684939922845277e-01
7.038222458533438530e-01
7.033757198009470413e-01
7.029289160114110535e-01
7.024818346611615416e-01
7.020344759267348467e-01
7.015868399847766668e-01
7.011389270120413908e-01
7.006907371853938749e-01
7.002422706818073328e-01
6.997935276783646685e-01
6.993445083522584760e-01
6.988952128807892628e-01
6.984456414413674485e-01
6.979957942115126990e-01
6.975456713688523713e-01
6.970952730911241790e-01
6.966445995561728610e-01
6.961936509419532904e-01
6.957424274265286979e-01
6.952909291880701170e-01
6.948391564048580493e-01
6.943871092552802438e-01
6.939347879178339173e-01
6.934821925711243118e-01
6.930293233938640274e-01
6.925761805648747993e-01
6.921227642630861654e-01
6.916690746675350221e-01
6.912151119573672897e-01
6.907608763118353590e-01
6.903063679103005335e-01
6.898515869322318084e-01
6.893965335572046493e-01
6.889412079649033238e-01
6.884856103351192358e-01
6.880297408477507037e-01
6.875735996828041818e-01
6.871171870203925947e-01
6.866605030407365584e-01
6.862035479241642699e-01
6.857463218511097303e-01
6.852888250021151872e-01
6.848310575578288040e-01
6.843730196990063241e-01
6.839147116065104060e-01
6.834561334613091788e-01
6.829972854444787966e-01
6.825381677372015510e-01
6.820787805207656485e-01
6.816191239765666543e-01
6.811591982861053829e-01
6.806990036309898962e-01
6.802385401929343933e-01
6.797778081537582118e-01
6.793168076953878254e-01
6.788555389998557343e-01
6.783940022492991329e-01
6.779321976259625737e-01
6.774701253121949707e-01
6.770077854904521519e-01
6.765451783432951949e-01
6.760823040533900929e-01
6.756191628035093100e-01
6.751557547765298928e-01
6.746920801554345815e-01
6.742281391233120313e-01
6.737639318633544816e-01
6.732994585588608638e-01
6.728347193932346926e-01
6.723697145499838435e-01
6.719044442127221073e-01
6.714389085651669697e-01
6.709731077911416097e-01
6.705070420745740112e-01
6.700407115994955198e-01
6.695741165500432857e-01
6.691072571104587086e-01
6.686401334650868833e-01
6.681727457983783758e-01
6.677050942948864476e-01
6.672371791392699425e-01
6.667690005162916211e-01
6.663005586108173839e-01
6.658318536078178251e-01
6.653628856923675672e-01
6.648936550496443720e-01
6.644241618649304737e-01
6.639544063236109128e-01
6.634843886111752020e-01
6.630141089132162158e-01
6.625435674154295240e-01
6.620727643036152799e-01
6.616016997636754438e-01
6.611303739816165592e-01
6.606587871435479764e-01
6.601869394356814080e-01
6.597148310443324837e-01
6.592424621559195286e-01
6.587698329569631195e-01
6.582969436340877500e-01
6.578237943740191662e-01
6.573503853635871419e-01
6.568767167897235915e-01
6.564027888394621257e-01
6.559286016999397173e-01
6.554541555583959234e-01
6.549794506021711094e-01
6.545044870187096686e-01
6.540292649955563586e-01
6.535537847203591877e-01
6.530780463808681935e-01
6.526020501649342220e-01
6.521257962605112590e-01
6.516492848556537654e-01
6.511725161385188976e-01
6.506954902973652866e-01
6.502182075205522604e-01
6.497406679965415099e-01
6.492628719138962001e-01
6.487848194612795272e-01
6.483065108274576049e-01
6.478279462012961343e-01
6.473491257717629566e-01
6.468700497279270545e-01
6.463907182589572198e-01
6.459111315541239406e-01
6.454312898027988465e-01
6.449511931944529319e-01
6.444708419186594428e-01
6.439902361650906570e-01
6.435093761235204379e-01
6.430282619838230129e-01
6.425468939359718634e-01
6.420652721700422783e-01
6.415833968762082451e-01
6.411012682447447819e-01
6.406188864660271598e-01
6.401362517305294597e-01
6.396533642288265709e-01
6.391702241515935246e-01
6.386868316896037179e-01
6.382031870337315782e-01
6.377192903749500097e-01
6.372351419043323917e-01
6.367507418130512464e-01
6.362660902923776840e-01
6.357811875336831786e-01
6.352960337284382364e-01
6.348106290682113961e-01
6.343249737446718939e-01
6.338390679495863322e-01
6.333529118748214559e-01
6.328665057123425974e-01
6.323798496542130110e-01
6.318929438925958708e-01
6.314057886197517178e-01
6.309183840280403466e-01
6.304307303099204729e-01
6.299428276579476238e-01
6.294546762647771354e-01
6.289662763231621545e-01
6.284776280259533054e-01
6.279887315661002445e-01
6.274995871366496614e-01
6.270101949307469447e-01
6.265205551416354046e-01
6.260306679626550519e-01
6.255405335872444850e-01
6.250501522089402240e-01
6.245595240213750454e-01
6.240686492182805356e-01
6.235775279934844262e-01
6.230861605409128146e-01
6.225945470545888316e-01
6.221026877286318646e-01
6.216105827572596665e-01
6.211182323347856915e-01
6.206256366556213155e-01
6.201327959142748369e-01
6.196397103053500333e-01
6.191463800235487147e-01
6.186528052636691699e-01
6.181589862206051667e-01
6.176649230893481723e-01
6.171706160649850226e-01
6.166760653426995864e-01
6.161812711177721003e-01
6.156862335855778356e-01
6.151909529415890976e-01
6.146954293813745585e-01
6.141996631005973706e-01
6.137036542950179419e-01
6.132074031604913822e-01
6.127109098929690578e-01
6.122141746884984803e-01
6.117171977432211971e-01
6.112199792533759002e-01
6.107225194152949843e-01
6.102248184254075447e-01
6.097268764802374896e-01
6.092286937764032073e-01
6.087302705106188982e-01
6.082316068796940201e-01
6.077327030805316221e-01
6.072335593101311213e-01
6.067341757655854151e-01
6.062345526440829913e-01
6.057346901429068176e-01
6.052345884594335645e-01
6.047342477911352709e-01
6.042336683355784555e-01
6.037328502904226735e-01
6.032317938534231816e-01
6.027304992224280511e-01
6.022289665953804993e-01
6.017271961703175576e-01
6.012251881453690716e-01
6.007229427187602555e-01
6.002204600888085828e-01
5.997177404539264511e-01
5.992147840126194058e-01
5.987115909634858069e-01
5.982081615052184942e-01
5.977044958366033445e-01
5.972005941565188269e-01
5.966964566639377798e-01
5.961920835579248568e-01
5.956874750376386363e-01
5.951826313023308446e-01
5.946775525513449123e-01
5.941722389841183061e-01
5.936666908001809739e-01
5.931609081991544574e-01
5.926548913807545560e-01
5.921486405447877743e-01
5.916421558911544309e-01
5.911354376198468819e-01
5.906284859309487434e-01
5.901213010246373347e-01
5.896138831011805692e-01
5.891062323609393969e-01
5.885983490043668054e-01
5.880902332320063763e-01
5.875818852444947282e-01
5.870733052425600729e-01
5.865644934270212163e-01
5.860554499987898902e-01
5.855461751588677544e-01
5.850366691083491721e-01
5.845269320484196562e-01
5.840169641803547584e-01
5.835067657055225121e-01
5.829963368253816558e-01
5.824856777414810782e-01
5.819747886554619276e-01
5.814636697690548361e-01
5.809523212840821405e-01
5.804407434024567713e-01
5.799289363261812547e-01
5.794169002573502647e-01
5.789046353981470716e-01
5.783921419508465389e-01
5.778794201178137913e-01
5.773664701015031042e-01
5.768532921044599027e-01
5.763398863293196506e-01
5.758262529788065187e-01
5.753123922557361603e-01
5.747983043630124911e-01
5.742839895036302433e-01
5.737694478806738552e-01
5.732546796973159164e-01
5.727396851568199443e-01
5.722244644625384957e-01
5.717090178179127236e-01
5.711933454264739307e-01
5.706774474918416828e-01
5.701613242177253627e-01
5.696449758079232817e-01
5.691284024663216812e-01
5.686116043968971745e-01
5.680945818037133055e-01
5.675773348909238791e-01
5.670598638627708521e-01
5.665421689235836666e-01
5.660242502777814710e-01
5.655061081298714543e-01
5.649877426844482908e-01
5.644691541461960282e-01
5.639503427198853114e-01
5.634313086103762691e-01
5.629120520226165159e-01
5.623925731616405965e-01
5.618728722325719849e-01
5.613529494406218623e-01
5.608328049910876745e-01
5.603124390893561291e-01
5.597918519408997540e-01
5.592710437512795618e-01
5.587500147261439398e-01
5.582287650712273175e-01
5.577072949923526091e-01
5.571856046954285491e-01
5.566636943864515796e-01
5.561415642715052954e-01
5.556192145567588891e-01
5.550966454484693724e-01
5.545738571529803540e-01
5.540508498767210410e-01
5.535276238262083481e-01
5.530041792080442331e-01
5.524805162289180283e-01
5.519566350956053302e-01
5.514325360149667787e-01
5.509082191939501660e-01
5.503836848395891046e-01
5.498589331590023610e-01
5.493339643593955213e-01
5.488087786480587704e-01
5.482833762323690019e-01
5.477577573197885963e-01
5.472319221178643112e-01
5.467058708342298345e-01
5.461796036766026763e-01
5.456531208527867216e-01
5.451264225706710098e-01
5.445995090382286241e-01
5.440723804635184679e-01
5.435450370546845988e-01
5.430174790199548962e-01
5.424897065676431707e-01
5.419617199061466106e-01
5.414335192439480027e-01
5.409051047896147324e-01
5.403764767517974521e-01
5.398476353392323013e-01
5.393185807607395743e-01
5.387893132252226103e-01
5.382598329416705685e-01
5.377301401191547647e-01
5.372002349668317800e-01
5.366701176939420170e-01
5.361397885098085903e-01
5.356092476238395461e-01
5.350784952455251986e-01
5.345475315844405717e-01
5.340163568502438451e-01
5.334849712526756882e-01
5.329533750015611471e-01
5.324215683068082017e-01
5.318895513784069884e-01
5.313573244264322426e-01
5.308248876610398570e-01
5.302922412924698792e-01
5.297593855310452904e-01
5.292263205871702292e-01
5.286930466713327670e-01
5.281595639941035758e-01
5.276258727661345960e-01
5.270919731981613676e-01
5.265578655010005882e-01
5.260235498855519998e-01
5.254890265627975010e-01
5.249542957437999258e-01
5.244193576397054857e-01
5.238842124617407725e-01
5.233488604212153117e-01
5.228133017295201190e-01
5.222775365981269236e-01
5.217415652385900549e-01
5.212053878625451109e-01
5.206690046817081807e-01
5.201324159078777321e-01
5.195956217529322796e-01
5.190586224288322725e-01
5.185214181476195394e-01
5.179840091214154008e-01
5.174463955624232225e-01
5.169085776829271950e-01
5.163705556952910003e-01
5.158323298119603662e-01
5.152939002454601791e-01
5.147552672083967051e-01
5.142164309134568123e-01
5.136773915734063056e-01
5.131381494010924804e-01
5.125987046094416799e-01
5.120590574114610716e-01
5.115192080202377589e-01
5.109791566489376713e-01
5.104389035108075623e-01
5.098984488191737885e-01
5.093577927874413103e-01
5.088169356290960232e-01
5.082758775577015387e-01
5.077346187869024030e-01
5.071931595304218776e-01
5.066515000020617165e-01
5.061096404157034989e-01
5.055675809853079627e-01
5.050253219249138947e-01
5.044828634486397956e-01
5.039402057706821036e-01
5.033973491053165272e-01
5.028542936668974894e-01
5.023110396698569069e-01
5.017675873287065214e-01
5.012239368580347909e-01
5.006800884725096656e-01
5.001360423868771443e-01
4.995917988159602752e-01
4.990473579746611543e-01
4.985027200779597600e-01
4.979578853409127870e-01
4.974128539786560887e-01
4.968676262064016802e-01
4.963222022394404020e-01
4.957765822931403665e-01
4.952307665829460137e-01
4.946847553243802209e-01
4.941385487330431370e-01
4.935921470246107945e-01
4.930455504148378854e-01
4.924987591195544301e-01
4.919517733546685534e-01
4.914045933361652629e-01
4.908572192801048395e-01
4.903096514026260011e-01
4.897618899199422948e-01
4.892139350483449278e-01
4.886657870042014906e-01
4.881174460039546248e-01
4.875689122641243545e-01
4.870201860013068651e-01
4.864712674321731156e-01
4.859221567734716141e-01
4.853728542420251424e-01
4.848233600547333100e-01
4.842736744285716655e-01
4.837237975805898649e-01
4.831737297279145027e-01
4.826234710877474465e-01
4.820730218773647269e-01
4.815223823141192572e-01
4.809715526154375587e-01
4.804205329988222584e-01
4.798693236818512009e-01
4.793179248821757832e-01
4.787663368175237855e-01
4.782145597056963182e-01
4.776625937645701536e-01
4.771104392120966708e-01
4.765580962663006348e-01
4.760055651452822501e-01
4.754528460672160506e-01
4.748999392503496786e-01
4.743468449130064379e-01
4.737935632735820746e-01
4.732400945505475520e-01
4.726864389624476082e-01
4.721325967278997005e-01
4.715785680655960044e-01
4.710243531943024697e-01
4.704699523328573219e-01
4.699153657001737816e-01
4.693605935152369568e-01
4.688056359971062292e-01
4.682504933649142553e-01
4.676951658378656895e-01
4.671396536352396267e-01
4.665839569763866046e-01
4.660280760807311018e-01
4.654720111677703720e-01
4.649157624570732228e-01
4.643593301682821251e-01
4.638027145211119917e-01
4.632459157353491785e-01
4.626889340308536491e-01
4.621317696275562548e-01
4.615744227454610660e-01
4.610168936046440957e-01
4.604591824252524113e-01
4.599012894275059105e-01
4.593432148316963226e-01
4.587849588581860427e-01
4.582265217274105185e-01
4.576679036598751416e-01
4.571091048761580788e-01
4.565501255969087180e-01
4.559909660428465572e-01
4.554316264347638699e-01
4.548721069935225403e-01
4.543124079400564508e-01
4.537525294953705934e-01
4.531924718805395158e-01
4.526322353167097079e-01
4.520718200250983809e-01
4.515112262269919685e-01
4.509504541437492353e-01
4.503895039967974467e-01
4.498283760076356441e-01
4.492670703978329794e-01
4.487055873890274382e-01
4.481439272029285048e-01
4.475820900613153852e-01
4.470200761860360639e-01
4.464578857990099126e-01
4.458955191222244152e-01
4.453329763777377770e-01
4.447702577876778696e-01
4.442073635742406212e-01
4.436442939596931256e-01
4.430810491663698669e-01
4.425176294166759394e-01
4.419540349330854379e-01
4.413902659381402360e-01
4.408263226544522628e-01
4.402622053047023920e-01
4.396979141116389989e-01
4.391334492980805693e-01
4.385688110869127021e-01
4.380039997010906627e-01
4.374390153636379397e-01
4.368738582976452456e-01
4.363085287262727374e-01
4.357430268727485734e-01
4.351773529603678026e-01
4.346115072124949741e-01
4.340454898525609173e-01
4.334793011040654065e-01
4.329129411905759395e-01
4.323464103357263499e-01
4.317797087632195274e-01
4.312128366968243642e-01
4.306457943603780314e-01
4.300785819777850350e-01
4.295111997730159392e-01
4.289436479701093097e-01
4.283759267931709358e-01
4.278080364663721658e-01
4.272399772139527374e-01
4.266717492602175033e-01
4.261033528295391504e-01
4.255347881463568127e-01
4.249660554351750164e-01
4.243971549205656779e-01
4.238280868271670498e-01
4.232588513796823326e-01
4.226894488028823949e-01
4.221198793216026091e-01
4.215501431607452942e-01
4.209802405452786611e-01
4.204101717002354244e-01
4.198399368507155782e-01
4.192695362218830657e-01
4.186989700389684432e-01
4.181282385272676594e-01
4.175573419121407781e-01
4.169862804190141437e-01
4.164150542733793259e-01
4.158436637007917325e-01
4.152721089268731069e-01
4.147003901773086976e-01
4.141285076778494778e-01
4.135564616543111471e-01
4.129842523325728543e-01
4.124118799385793066e-01
4.118393446983396600e-01
4.112666468379262419e-01
4.106937865834770496e-01
4.101207641611927524e-01
4.095475797973390786e-01
4.089742337182458720e-01
4.084007261503055375e-01
4.078270573199758720e-01
4.072532274537767338e-01
4.066792367782928186e-01
4.061050855201722709e-01
4.055307739061254080e-01
4.049563021629271620e-01
4.043816705174156367e-01
4.038068791964908866e-01
4.032319284271175808e-01
4.026568184363218394e-01
4.020815494511937316e-01
4.015061216988861648e-01
4.009305354066136085e-01
4.003547908016542589e-01
3.997788881113487625e-01
3.992028275630991052e-01
3.986266093843712222e-01
3.980502338026914999e-01
3.974737010456498854e-01
3.968970113408983313e-01
3.963201649161494644e-01
3.957431619991795269e-01
3.951660028178248796e-01
3.945886875999848331e-01
3.940112165736202043e-01
3.934335899667523173e-01
3.928558080074648906e-01
3.922778709239032602e-01
3.916997789442726030e-01
3.911215322968409347e-01
3.905431312099357233e-01
3.899645759119466093e-01
3.893858666313242400e-01
3.888070035965787152e-01
3.882279870362820851e-01
3.876488171790670734e-01
3.870694942536257455e-01
3.864900184887120616e-01
3.859103901131389347e-01
3.853306093557805623e-01
3.847506764455714823e-01
3.841705916115049080e-01
3.835903550826354480e-01
3.830099670880774410e-01
3.824294278570039562e-01
3.818487376186493476e-01
3.812678966023059224e-01
3.806869050373268837e-01
3.801057631531246650e-01
3.795244711791699865e-01
3.789430293449945197e-01
3.783614378801872791e-01
3.777796970143977862e-01
3.771978069773344044e-01
3.766157679987632845e-01
3.760335803085105288e-01
3.754512441364610820e-01
3.748687597125571203e-01
3.742861272668011052e-01
3.737033470292522863e-01
3.731204192300295874e-01
3.725373440993099972e-01
3.719541218673276251e-01
3.713707527643758666e-01
3.707872370208060153e-01
3.702035748670261528e-01
3.696197665335037574e-01
3.690358122507623739e-01
3.684517122493844443e-01
3.678674667600099202e-01
3.672830760133350414e-01
3.666985402401148897e-01
3.661138596711603910e-01
3.655290345373406469e-01
3.649440650695819910e-01
3.643589514988665456e-01
3.637736940562343868e-01
3.631882929727825449e-01
3.626027484796635614e-01
3.620170608080881536e-01
3.614312301893219392e-01
3.608452568546882677e-01
3.602591410355668322e-01
3.596728829633922819e-01
3.590864828696568312e-01
3.584999409859085384e-01
3.579132575437504737e-01
3.573264327748429947e-01
3.567394669109008598e-01
3.561523601836956154e-01
3.555651128250544302e-01
3.549777250668588735e-01
3.543901971410474694e-01
3.538025292796125876e-01
3.532147217146029972e-01
3.526267746781225898e-01
3.520386884023292140e-01
3.514504631194368400e-01
3.508620990617143942e-01
3.502735964614842601e-01
3.496849555511252761e-01
3.490961765630691827e-01
3.485072597298035646e-01
3.479182052838704076e-01
3.473290134578646549e-01
3.467396844844368720e-01
3.461502185962918587e-01
3.455606160261870397e-01
3.449708770069355723e-01
3.443810017714029059e-01
3.437909905525092791e-01
3.432008435832289428e-01
3.426105610965882731e-01
3.420201433256688794e-01
3.414295905036041634e-01
3.408389028635820939e-01
3.402480806388438195e-01
3.396571240626824473e-01
3.390660333684453742e-01
3.384748087895328994e-01
3.378834505593970028e-01
3.372919589115440653e-01
3.367003340795315380e-01
3.361085762969706070e-01
3.355166857975250272e-01
3.349246628149097904e-01
3.343325075828932902e-01
3.337402203352962116e-01
3.331478013059900878e-01
3.325552507289002979e-01
3.319625688380022921e-01
3.313697558673247001e-01
3.307768120509479992e-01
3.301837376230029597e-01
3.295905328176736426e-01
3.289971978691939580e-01
3.284037330118503850e-01
3.278101384799807505e-01
3.272164145079727859e-01
3.266225613302666253e-01
3.260285791813534173e-01
3.254344682957740487e-01
3.248402289081216976e-01
3.242458612530388917e-01
3.236513655652197841e-01
3.230567420794093758e-01
3.224619910304015735e-01
3.218671126530421867e-01
3.212721071822270957e-01
3.206769748529011976e-01
3.200817159000611811e-01
3.194863305587519742e-01
3.188908190640696860e-01
3.182951816511603860e-01
3.176994185552184380e-01
3.171035300114894984e-01
3.165075162552672405e-01
3.159113775218958531e-01
3.153151140467690405e-01
3.147187260653284135e-01
3.141222138130659869e-01
3.135255775255228472e-01
3.129288174382878762e-01
3.123319337870004708e-01
3.117349268073471569e-01
3.111377967350643647e-01
3.105405438059371526e-01
3.099431682557978740e-01
3.093456703205285097e-01
3.087480502360594459e-01
3.081503082383678649e-01
3.075524445634810200e-01
3.069544594474722388e-01
3.063563531264643647e-01
3.057581258366278698e-01
3.051597778141798001e-01
3.045613092953866619e-01
3.039627205165607027e-01
3.033640117140629644e-01
3.027651831243019509e-01
3.021662349837320738e-01
3.015671675288564280e-01
3.009679809962249597e-01
3.003686756224335230e-01
2.997692516441265997e-01
2.991697092979937467e-01
2.985700488207725933e-01
2.979702704492473431e-01
2.973703744202474963e-01
2.967703609706502932e-01
2.961702303373794365e-01
2.955699827574034266e-01
2.949696184677388366e-01
2.943691377054464819e-01
2.937685407076345845e-01
2.931678277114570519e-01
2.925669989541125893e-01
2.919660546728470307e-01
2.913649951049503972e-01
2.907638204877592836e-01
2.901625310586558593e-01
2.895611270550663141e-01
2.889596087144632452e-01
2.883579762743646024e-01
2.877562299723319672e-01
2.871543700459736059e-01
2.865523967329409727e-01
2.859503102709315958e-01
2.853481108976875791e-01
2.847457988509944360e-01
2.841433743686833657e-01
2.835408376886301429e-01
2.829381890487532858e-01
2.823354286870174423e-01
2.817325568414296710e-01
2.811295737500421055e-01
2.805264796509511216e-01
2.799232747822953948e-01
2.793199593822591753e-01
2.787165336890686240e-01
2.781129979409946995e-01
2.775093523763518255e-01
2.769055972334966143e-01
2.763017327508300869e-01
2.756977591667964522e-01
2.750936767198818300e-01
2.744894856486168599e-01
2.738851861915735930e-01
2.732807785873679896e-01
2.726762630746586979e-01
2.720716398921457779e-01
2.714669092785731430e-01
2.708620714727268952e-01
2.702571267134344923e-01
2.696520752395670240e-01
2.690469172900362693e-01
2.684416531037971398e-01
2.678362829198465689e-01
2.672308069772221795e-01
2.666252255150048378e-01
2.660195387723155447e-01
2.654137469883180445e-01
2.648078504022176594e-01
2.642018492532597351e-01
2.635957437807321946e-01
2.629895342239641498e-01
2.623832208223246254e-01
2.617768038152252230e-01
2.611702834421167907e-01
2.605636599424923650e-01
2.599569335558856165e-01
2.593501045218694623e-01
2.587431730800588969e-01
2.581361394701091050e-01
2.575290039317144064e-01
2.569217667046111431e-01
2.563144280285740706e-01
2.557069881434191894e-01
2.550994472890026343e-01
2.544918057052189542e-01
2.538840636320043309e-01
2.532762213093328052e-01
2.526682789772193849e-01
2.520602368757184353e-01
2.514520952449225133e-01
2.508438543249648101e-01
2.502355143560175965e-01
2.496270755782911410e-01
2.490185382320362628e-01
2.484099025575411124e-01
2.478011687951338637e-01
2.471923371851814932e-01
2.465834079680882807e-01
2.459743813842983906e-01
2.453652576742943459e-01
2.447560370785958339e-01
2.441467198377623993e-01
2.435373061923901683e-01
2.429277963831145137e-01
2.423181906506088334e-01
2.417084892355830794e-01
2.410986923787867553e-01
2.404888003210052250e-01
2.398788133030628766e-01
2.392687315658215130e-01
2.386585553501790469e-01
2.380482848970719711e-01
2.374379204474740823e-01
2.368274622423948983e-01
2.362169105228827115e-01
2.356062655300210362e-01
2.349955275049314951e-01
2.343846966887724592e-01
2.337737733227376324e-01
2.331627576480585495e-01
2.325516499060032161e-01
2.319404503378746929e-01
2.313291591850139828e-01
2.307177766887965886e-01
2.301063030906353446e-01
2.294947386319790561e-01
2.288830835543111397e-01
2.282713380991524821e-01
2.276595025080579426e-01
2.270475770226192680e-01
2.264355618844637041e-01
2.258234573352526364e-01
2.252112636166839488e-01
2.245989809704908580e-01
2.239866096384403316e-01
2.233741498623360855e-01
2.227616018840150591e-01
2.221489659453502741e-01
2.215362422882495019e-01
2.209234311546538765e-01
2.203105327865403640e-01
2.196975474259203753e-01
2.190844753148383228e-01
2.184713166953746455e-01
2.178580718096422564e-01
2.172447408997893459e-01
2.166313242079981327e-01
2.160178219764833929e-01
2.154042344474953741e-01
2.147905618633163261e-01
2.141768044662633597e-01
2.135629624986870589e-01
2.129490362029701211e-01
2.123350258215298825e-01
2.117209315968167915e-01
2.111067537713131603e-01
2.104924925875360231e-01
2.098781482880336391e-01
2.092637211153883514e-01
2.086492113122151992e-01
2.080346191211606133e-01
2.074199447849048028e-01
2.068051885461604511e-01
2.061903506476712444e-01
2.055754313322148974e-01
2.049604308425995169e-01
2.043453494216664890e-01
2.037301873122892848e-01
2.031149447573718791e-01
2.024996219998516922e-01
2.018842192826961479e-01
2.012687368489055606e-01
2.006531749415116361e-01
2.000375338035762229e-01
1.994218136781937545e-01
1.988060148084898338e-01
1.981901374376198732e-01
1.975741818087720092e-01
1.969581481651634935e-01
1.963420367500438024e-01
1.957258478066930263e-01
1.951095815784205934e-01
1.944932383085677396e-01
1.938768182405061213e-01
1.932603216176364824e-01
1.926437486833914303e-01
1.920270996812320219e-01
1.914103748546506778e-01
1.907935744471696837e-01
1.901766987023399413e-01
1.895597478637437994e-01
1.889427221749915287e-01
1.883256218797242920e-01
1.877084472216126176e-01
1.870911984443552056e-01
1.864738757916812317e-01
1.858564795073491260e-01
1.852390098351450465e-01
1.846214670188858487e-01
1.840038513024155609e-01
1.833861629296082985e-01
1.827684021443668760e-01
1.821505691906213364e-01
1.815326643123316153e-01
1.809146877534859865e-01
1.802966397580997582e-01
1.796785205702181309e-01
1.790603304339127289e-01
1.784420695932844858e-01
1.778237382924622578e-01
1.772053367756013798e-01
1.765868652868867184e-01
1.759683240705289531e-01
1.753497133707676570e-01
1.747310334318698255e-01
1.741122844981285167e-01
1.734934668138652381e-01
1.728745806234287807e-01
1.722556261711935821e-01
1.716366037015628065e-01
1.710175134589647372e-01
1.703983556878557182e-01
1.697791306327187943e-01
1.691598385380621850e-01
1.685404796484219758e-01
1.679210542083605651e-01
1.673015624624653863e-01
1.666820046553517676e-01
1.660623810316593230e-01
1.654426918360550336e-01
1.648229373132317765e-01
1.642031177079068816e-01
1.635832332648251286e-01
1.629632842287551397e-01
1.623432708444923767e-01
1.617231933568577251e-01
1.611030520106960240e-01
1.604828470508786742e-01
1.598625787223021955e-01
1.592422472698867830e-01
1.586218529385793607e-01
1.580013959733498896e-01
1.573808766191943653e-01
1.567602951211334861e-01
1.561396517242110982e-01
1.555189466734968329e-01
1.548981802140846908e-01
1.542773525910915711e-01
1.536564640496602963e-01
1.530355148349559768e-01
1.524145051921689809e-01
1.517934353665136016e-01
1.511723056032265311e-01
1.505511161475698578e-01
1.499298672448275416e-01
1.493085591403083001e-01
1.486871920793442492e-01
1.480657663072894592e-01
1.474442820695224532e-01
1.468227396114449301e-01
1.462011391784802106e-01
1.455794810160762343e-01
1.449577653697020074e-01
1.443359924848506004e-01
1.437141626070376210e-01
1.430922759817998824e-01
1.424703328546979286e-01
1.418483334713145916e-01
1.412262780772536308e-01
1.406041669181426756e-01
1.399820002396295893e-01
1.393597782873854940e-01
1.387375013071033558e-01
1.381151695444965133e-01
1.374927832453017307e-01
1.368703426552755342e-01
1.362478480201972098e-01
1.356252995858673316e-01
1.350026975981064858e-01
1.343800423027576851e-01
1.337573339456849808e-01
1.331345727727720474e-01
1.325117590299252079e-01
1.318888929630697704e-01
1.312659748181530250e-01
1.306430048411428013e-01
1.300199832780261355e-01
1.293969103748116578e-01
1.287737863775283431e-01
1.281506115322240402e-01
1.275273860849683583e-01
1.269041102818491973e-01
1.262807843689756071e-01
1.256574085924764828e-01
1.250339831984990102e-01
1.244105084332118305e-01
1.237869845428012094e-01
1.231634117734742018e-01
1.225397903714571662e-01
1.219161205829942807e-01
1.212924026543502343e-01
1.206686368318086455e-01
1.200448233616707716e-01
1.194209624902584505e-01
1.187970544639104370e-01
1.181730995289854702e-01
1.175490979318607604e-01
1.169250499189306847e-01
1.163009557366092017e-01
1.156768156313285750e-01
1.150526298495378047e-01
1.144283986377057361e-01
1.138041222423173959e-01
1.131798009098769348e-01
1.125554348869062804e-01
1.119310244199436671e-01
1.113065697555466610e-01
1.106820711402884960e-01
1.100575288207610858e-01
1.094329430435736356e-01
1.088083140553511158e-01
1.081836421027369682e-01
1.075589274323915379e-01
1.069341702909907266e-01
1.063093709252289909e-01
1.056845295818156782e-01
1.050596465074780245e-01
1.044347219489597939e-01
1.038097561530197388e-01
1.031847493664342780e-01
1.025597018359959700e-01
1.019346138085121672e-01
1.013094855308079578e-01
1.006843172497225852e-01
1.000591092121123765e-01
9.943386166484939614e-02
9.880857485481994718e-02
9.818324902892763828e-02
9.755788443408969224e-02
9.693248131723998517e-02
9.630703992532756164e-02
9.568156050531531620e-02
9.505604330418243597e-02
9.443048856892304055e-02
9.380489654654476650e-02
9.317926748407170945e-02
9.255360162854084360e-02
9.192789922700497773e-02
9.130216052653138126e-02
9.067638577420029933e-02
9.005057521710754798e-02
8.942472910236311245e-02
8.879884767708963456e-02
8.817293118842550737e-02
8.754697988352119764e-02
8.692099400954224342e-02
8.629497381366782460e-02
8.566891954308934742e-02
8.504283144501299796e-02
8.441670976665835435e-02
8.379055475525686025e-02
8.316436665805496120e-02
8.253814572231034374e-02
8.191189219529503018e-02
8.128560632429387978e-02
8.065928835660320095e-02
8.003293853953376280e-02
7.940655712040713132e-02
7.878014434655866705e-02
7.815370046533613724e-02
7.752722572409824486e-02
7.690072037021720985e-02
7.627418465107733969e-02
7.564761881407360000e-02
7.502102310661462603e-02
7.439439777611908666e-02
7.376774307001866815e-02
7.314105923575663082e-02
7.251434652078644905e-02
7.188760517257429539e-02
7.126083543859768055e-02
7.063403756634396846e-02
7.000721180331341553e-02
6.938035839701553464e-02
6.875347759497205113e-02
6.812656964471552890e-02
6.749963479378791320e-02
6.687267328974355607e-02
6.624568538014556640e-02
6.561867131256877983e-02
6.499163133459837094e-02
6.436456569382845161e-02
6.373747463786452738e-02
6.311035841432222071e-02
6.248321727082569582e-02
6.185605145501076041e-02
6.122886121452119496e-02
6.060164679701172952e-02
5.997440845014666982e-02
5.934714642159841930e-02
5.871986095905007419e-02
5.809255231019398030e-02
5.746522072273031051e-02
5.683786644437006236e-02
5.621048972283142209e-02
5.558309080584277612e-02
5.495566994114126774e-02
5.432822737647137468e-02
5.370076335958792746e-02
5.307327813825243185e-02
5.244577196023612192e-02
5.181824507331849600e-02
5.119069772528589413e-02
5.056313016393407245e-02
4.993554263706677376e-02
4.930793539249427732e-02
4.868030867803643108e-02
4.805266274151900885e-02
4.742499783077668701e-02
4.679731419365164291e-02
4.616961207799211153e-02
4.554189173165497373e-02
4.491415340250427823e-02
4.428639733840986775e-02
4.365862378725035575e-02
4.303083299690948355e-02
4.240302521527913870e-02
4.177520069025789790e-02
4.114735966974964604e-02
4.051950240166653922e-02
3.989162913392536869e-02
3.926374011445058626e-02
3.863583559117286792e-02
3.800791581202766362e-02
3.737998102495779240e-02
3.675203147791199221e-02
3.612406741884350431e-02
3.549608909571307092e-02
3.486809675648528534e-02
3.424009064913161038e-02
3.361207102162896282e-02
3.298403812195824236e-02
3.235599219810693372e-02
3.172793349806765639e-02
3.109986226983675259e-02
3.047177876141728137e-02
2.984368322081537225e-02
2.921557589604324365e-02
2.858745703511776995e-02
2.795932688605903479e-02
2.733118569689337030e-02
2.670303371564968289e-02
2.607487119036247525e-02
2.544669836907041682e-02
2.481851549981490060e-02
2.419032283064263128e-02
2.356212060960417506e-02
2.293390908475254064e-02
2.230568850414618373e-02
2.167745911584536764e-02
2.104922116791515738e-02
2.042097490842400068e-02
1.979272058544229163e-02
1.916445844704494847e-02
1.853618874130997032e-02
1.790791171631700776e-02
1.727962762015038817e-02
1.665133670089544854e-02
1.602303920664155043e-02
1.539473538548065575e-02
1.476642548550589039e-02
1.413810975481455748e-02
1.350978844150448749e-02
1.288146179367704279e-02
1.225313005943569691e-02
1.162479348688459820e-02
1.099645232413113717e-02
1.036810681928451890e-02
9.739757220454326597e-03
9.111403775753540088e-03
8.483046733294880709e-03
7.854686341193822807e-03
7.226322847567159119e-03
6.597956500531582634e-03
5.969587548206238374e-03
5.341216238711303521e-03
4.712842820166554536e-03
4.084467540694373434e-03
3.456090648416103566e-03
2.827712391455057192e-03
2.199333017935083904e-03
1.570952775979143814e-03
9.425719137123145892e-04
3.141906792581436545e-04
-3.141906792583428224e-04
-9.425719137120696679e-04
-1.570952775979342873e-03
-2.199333017935283397e-03
-2.827712391455256252e-03
-3.456090648416302626e-03
-4.084467540694127971e-03
-4.712842820166753162e-03
-5.341216238711503014e-03
-5.969587548206437867e-03
-6.597956500531781260e-03
-7.226322847567358612e-03
-7.854686341194020566e-03
-8.483046733295080202e-03
-9.111403775753295492e-03
-9.739757220454526090e-03
-1.036810681928471839e-02
-1.099645232413133666e-02
-1.162479348688479769e-02
-1.225313005943545232e-02
-1.288146179367724055e-02
-1.350978844150468525e-02
-1.413810975481431288e-02
-1.476642548550608988e-02
-1.539473538548085524e-02
-1.602303920664175166e-02
-1.665133670089564630e-02
-1.727962762015014531e-02
-1.790791171631720899e-02
-1.853618874131016808e-02
-1.916445844704514623e-02
-1.979272058544248938e-02
-2.042097490842419844e-02
-2.104922116791535514e-02
-2.167745911584556887e-02
-2.230568850414594087e-02
-2.293390908475273840e-02
-2.356212060960437282e-02
-2.419032283064282904e-02
-2.481851549981509836e-02
-2.544669836907017049e-02
-2.607487119036267648e-02
-2.670303371564988065e-02
-2.733118569689312397e-02
-2.795932688605923255e-02
-2.858745703511796771e-02
-2.921557589604344488e-02
-2.984368322081557001e-02
-3.047177876141703504e-02
-3.109986226983695035e-02
-3.172793349806785762e-02
-3.235599219810713495e-02
-3.298403812195844359e-02
-3.361207102162916405e-02
-3.424009064913181161e-02
-3.486809675648547963e-02
-3.549608909571282112e-02
-3.612406741884370553e-02
-3.675203147791219344e-02
-3.737998102495799363e-02
-3.800791581202786484e-02
-3.863583559117262506e-02
-3.926374011445078749e-02
-3.989162913392556298e-02
-4.051950240166628942e-02
-4.114735966974984727e-02
-4.177520069025809912e-02
-4.240302521527933299e-02
-4.303083299690968477e-02
-4.365862378725011289e-02
-4.428639733841006898e-02
-4.491415340250447252e-02
-4.554189173165516802e-02
-4.616961207799231276e-02
-4.679731419365183720e-02
-4.742499783077688130e-02
-4.805266274151920314e-02
-4.868030867803618822e-02
-4.930793539249447160e-02
-4.993554263706696805e-02
-5.056313016393427368e-02
-5.119069772528609535e-02
-5.181824507331825314e-02
-5.244577196023632315e-02
-5.307327813825263307e-02
-5.370076335958767766e-02
-5.432822737647157590e-02
-5.495566994114146897e-02
-5.558309080584297734e-02
-5.621048972283162332e-02
-5.683786644436981950e-02
-5.746522072273051174e-02
-5.809255231019418153e-02
-5.871986095905027542e-02
-5.934714642159862052e-02
-5.997440845014687105e-02
-6.060164679701193075e-02
-6.122886121452138924e-02
-6.185605145501051755e-02
-6.248321727082589705e-02
-6.311035841432241500e-02
-6.373747463786473555e-02
-6.436456569382864590e-02
-6.499163133459813502e-02
-6.561867131256897412e-02
-6.624568538014576069e-02
-6.687267328974332015e-02
-6.749963479378810749e-02
-6.812656964471572318e-02
-6.875347759497224542e-02
-6.938035839701572893e-02
-7.000721180331317961e-02
-7.063403756634416275e-02
-7.126083543859787484e-02
-7.188760517257448968e-02
-7.251434652078664334e-02
-7.314105923575682511e-02
-7.376774307001886244e-02
-7.439439777611929483e-02
-7.502102310661439011e-02
-7.564761881407379429e-02
-7.627418465107753398e-02
-7.690072037021740414e-02
-7.752722572409845303e-02
-7.815370046533590132e-02
-7.878014434655887521e-02
-7.940655712040732561e-02
-8.003293853953351300e-02
-8.065928835660339524e-02
-8.128560632429407407e-02
-8.191189219529522447e-02
-8.253814572231055191e-02
-8.316436665805471140e-02
-8.379055475525706842e-02
-8.441670976665854864e-02
-8.504283144501320613e-02
-8.566891954308954171e-02
-8.629497381366801889e-02
-8.692099400954243771e-02
-8.754697988352140581e-02
-8.817293118842525756e-02
-8.879884767708982884e-02
-8.942472910236330674e-02
-9.005057521710775614e-02
-9.067638577420049362e-02
-9.130216052653113146e-02
-9.192789922700518590e-02
-9.255360162854103789e-02
-9.317926748407147353e-02
-9.380489654654497467e-02
-9.443048856892324872e-02
-9.505604330418263026e-02
-9.568156050531551049e-02
-9.630703992532732571e-02
-9.693248131724017946e-02
-9.755788443408990041e-02
-9.818324902892740236e-02
-9.880857485482015534e-02
-9.943386166484959043e-02
-1.000591092121125708e-01
-1.006843172497227795e-01
-1.013094855308077080e-01
-1.019346138085123615e-01
-1.025597018359961643e-01
-1.031847493664344723e-01
-1.038097561530199470e-01
-1.044347219489595441e-01
-1.050596465074782326e-01
-1.056845295818158725e-01
-1.063093709252287411e-01
-1.069341702909909209e-01
-1.075589274323917321e-01
-1.081836421027371625e-01
-1.088083140553513239e-01
-1.094329430435733858e-01
-1.100575288207612940e-01
-1.106820711402886903e-01
-1.113065697555464112e-01
-1.119310244199438614e-01
-1.125554348869064747e-01
-1.131798009098771290e-01
-1.138041222423175902e-01
-1.144283986377055001e-01
-1.150526298495379990e-01
-1.156768156313287693e-01
-1.163009557366094099e-01
-1.169250499189308790e-01
-1.175490979318605245e-01
-1.181730995289856645e-01
-1.187970544639106452e-01
-1.194209624902582145e-01
-1.200448233616709798e-01
-1.206686368318088398e-01
-1.212924026543504286e-01
-1.219161205829944888e-01
-1.225397903714569164e-01
-1.231634117734744099e-01
-1.237869845428014037e-01
-1.244105084332115807e-01
-1.250339831984992045e-01
-1.256574085924766770e-01
-1.262807843689758014e-01
-1.269041102818493916e-01
-1.275273860849681085e-01
-1.281506115322242345e-01
-1.287737863775285374e-01
-1.293969103748118521e-01
-1.300199832780263298e-01
-1.306430048411425793e-01
-1.312659748181532193e-01
-1.318888929630699647e-01
-1.325117590299249581e-01
-1.331345727727722417e-01
-1.337573339456851751e-01
-1.343800423027578794e-01
-1.350026975981066801e-01
-1.356252995858670818e-01
-1.362478480201974040e-01
-1.368703426552757285e-01
-1.374927832453015086e-01
-1.381151695444967076e-01
-1.387375013071035501e-01
-1.393597782873856883e-01
-1.399820002396297836e-01
-1.406041669181424258e-01
-1.412262780772538251e-01
-1.418483334713147859e-01
-1.424703328546981229e-01
-1.430922759818000767e-01
-1.437141626070373990e-01
-1.443359924848507947e-01
-1.449577653697022017e-01
-1.455794810160759845e-01
-1.462011391784804049e-01
-1.468227396114451244e-01
-1.474442820695226475e-01
-1.480657663072896535e-01
-1.486871920793439994e-01
-1.493085591403084944e-01
-1.499298672448277359e-01
-1.505511161475696080e-01
-1.511723056032267254e-01
-1.517934353665137959e-01
-1.524145051921691751e-01
-1.530355148349561711e-01
-1.536564640496600465e-01
-1.542773525910917654e-01
-1.548981802140848851e-01
-1.555189466734970272e-01
-1.561396517242112925e-01
-1.567602951211332363e-01
-1.573808766191945596e-01
-1.580013959733500839e-01
-1.586218529385791109e-01
-1.592422472698869773e-01
-1.598625787223023897e-01
-1.604828470508788685e-01
-1.611030520106962183e-01
-1.617231933568574753e-01
-1.623432708444925709e-01
-1.629632842287553340e-01
-1.635832332648248788e-01
-1.642031177079070758e-01
-1.648229373132319708e-01
-1.654426918360552279e-01
-1.660623810316595172e-01
-1.666820046553515178e-01
-1.673015624624655806e-01
-1.679210542083607594e-01
-1.685404796484221701e-01
-1.691598385380623792e-01
-1.697791306327185445e-01
-1.703983556878559402e-01
-1.710175134589649315e-01
-1.716366037015625567e-01
-1.722556261711937764e-01
-1.728745806234289750e-01
-1.734934668138654323e-01
-1.741122844981287110e-01
-1.747310334318696035e-01
-1.753497133707678513e-01
-1.759683240705291474e-01
-1.765868652868864686e-01
-1.772053367756015740e-01
-1.778237382924624521e-01
-1.784420695932846801e-01
-1.790603304339129231e-01
-1.796785205702178811e-01
-1.802966397580999525e-01
-1.809146877534861808e-01
-1.815326643123318096e-01
-1.821505691906215307e-01
-1.827684021443666262e-01
-1.833861629296084927e-01
-1.840038513024157552e-01
-1.846214670188855989e-01
-1.852390098351452408e-01
-1.858564795073493203e-01
-1.864738757916814260e-01
-1.870911984443553999e-01
-1.877084472216123678e-01
-1.883256218797244863e-01
-1.889427221749917507e-01
-1.895597478637435773e-01
-1.901766987023401356e-01
-1.907935744471698780e-01
-1.914103748546508721e-01
-1.920270996812322162e-01
-1.926437486833911805e-01
-1.932603216176366767e-01
-1.938768182405063156e-01
-1.944932383085679339e-01
-1.951095815784207876e-01
-1.957258478066927765e-01
-1.963420367500439967e-01
-1.969581481651636878e-01
-1.975741818087717594e-01
-1.981901374376200675e-01
-1.988060148084900280e-01
-1.994218136781939488e-01
-2.000375338035764172e-01
-2.006531749415113863e-01
-2.012687368489057549e-01
-2.018842192826963422e-01
-2.024996219998514424e-01
-2.031149447573720734e-01
-2.037301873122894791e-01
-2.043453494216666833e-01
-2.049604308425997112e-01
-2.055754313322146754e-01
-2.061903506476714387e-01
-2.068051885461606454e-01
-2.074199447849049971e-01
-2.080346191211608076e-01
-2.086492113122149494e-01
-2.092637211153885457e-01
-2.098781482880338334e-01
-2.104924925875357733e-01
-2.111067537713133546e-01
-2.117209315968169858e-01
-2.123350258215300768e-01
-2.129490362029703432e-01
-2.135629624986868091e-01
-2.141768044662635539e-01
-2.147905618633165203e-01
-2.154042344474951520e-01
-2.160178219764835872e-01
-2.166313242079983270e-01
-2.172447408997895402e-01
-2.178580718096424507e-01
-2.184713166953744234e-01
-2.190844753148385171e-01
-2.196975474259205696e-01
-2.203105327865405583e-01
-2.209234311546540708e-01
-2.215362422882492521e-01
-2.221489659453504684e-01
-2.227616018840152534e-01
-2.233741498623358634e-01
-2.239866096384405258e-01
-2.245989809704910523e-01
-2.252112636166841431e-01
-2.258234573352528307e-01
-2.264355618844634821e-01
-2.270475770226194623e-01
-2.276595025080581369e-01
-2.282713380991522323e-01
-2.288830835543113340e-01
-2.294947386319792504e-01
-2.301063030906355389e-01
-2.307177766887967829e-01
-2.313291591850137330e-01
-2.319404503378748872e-01
-2.325516499060034104e-01
-2.331627576480587438e-01
-2.337737733227378267e-01
-2.343846966887722372e-01
-2.349955275049316894e-01
-2.356062655300212305e-01
-2.362169105228824617e-01
-2.368274622423950926e-01
-2.374379204474742766e-01
-2.380482848970721654e-01
-2.386585553501792412e-01
-2.392687315658212910e-01
-2.398788133030630709e-01
-2.404888003210054193e-01
-2.410986923787865055e-01
-2.417084892355832737e-01
-2.423181906506090277e-01
-2.429277963831147080e-01
-2.435373061923903626e-01
-2.441467198377621772e-01
-2.447560370785960004e-01
-2.453652576742945401e-01
-2.459743813842985849e-01
-2.465834079680884749e-01
-2.471923371851816875e-01
-2.478011687951340580e-01
-2.484099025575413067e-01
-2.490185382320360408e-01
-2.496270755782913353e-01
-2.502355143560178186e-01
-2.508438543249649766e-01
-2.514520952449226798e-01
-2.520602368757181577e-01
-2.526682789772195514e-01
-2.532762213093330272e-01
-2.538840636320041089e-01
-2.544918057052191762e-01
-2.550994472890028009e-01
-2.557069881434194114e-01
-2.563144280285742371e-01
-2.569217667046109210e-01
-2.575290039317145729e-01
-2.581361394701092715e-01
-2.587431730800590635e-01
-2.593501045218696843e-01
-2.599569335558857830e-01
-2.605636599424925870e-01
-2.611702834421170127e-01
-2.617768038152250010e-01
-2.623832208223247919e-01
-2.629895342239643719e-01
-2.635957437807323611e-01
-2.642018492532599017e-01
-2.648078504022174373e-01
-2.654137469883182665e-01
-2.660195387723157112e-01
-2.666252255150046158e-01
-2.672308069772223460e-01
-2.678362829198467909e-01
-2.684416531037973064e-01
-2.690469172900364359e-01
-2.696520752395668019e-01
-2.702571267134346589e-01
-2.708620714727271173e-01
-2.714669092785733095e-01
-2.720716398921460000e-01
-2.726762630746588645e-01
-2.732807785873681561e-01
-2.738851861915738151e-01
-2.744894856486166379e-01
-2.750936767198819966e-01
-2.756977591667966188e-01
-2.763017327508302534e-01
-2.769055972334967808e-01
-2.775093523763516035e-01
-2.781129979409948660e-01
-2.787165336890687906e-01
-2.793199593822589533e-01
-2.799232747822955614e-01
-2.805264796509512881e-01
-2.811295737500423275e-01
-2.817325568414298376e-01
-2.823354286870172203e-01
-2.829381890487534523e-01
-2.835408376886303095e-01
-2.841433743686835878e-01
-2.847457988509946025e-01
-2.853481108976877456e-01
-2.859503102709317623e-01
-2.865523967329411947e-01
-2.871543700459733839e-01
-2.877562299723321892e-01
-2.883579762743648245e-01
-2.889596087144634673e-01
-2.895611270550664806e-01
-2.901625310586556372e-01
-2.907638204877595056e-01
-2.913649951049505638e-01
-2.919660546728468087e-01
-2.925669989541127558e-01
-2.931678277114572739e-01
-2.937685407076347510e-01
-2.943691377054467040e-01
-2.949696184677386146e-01
-2.955699827574036487e-01
-2.961702303373796030e-01
-2.967703609706505152e-01
-2.973703744202476629e-01
-2.979702704492475096e-01
-2.985700488207727599e-01
-2.991697092979939687e-01
-2.997692516441263777e-01
-3.003686756224337451e-01
-3.009679809962251262e-01
-3.015671675288565945e-01
-3.021662349837322958e-01
-3.027651831243016733e-01
-3.033640117140631309e-01
-3.039627205165608692e-01
-3.045613092953864398e-01
-3.051597778141800221e-01
-3.057581258366280363e-01
-3.063563531264645312e-01
-3.069544594474724608e-01
-3.075524445634807424e-01
-3.081503082383680869e-01
-3.087480502360596124e-01
-3.093456703205287317e-01
-3.099431682557980960e-01
-3.105405438059373746e-01
-3.111377967350645313e-01
-3.117349268073473789e-01
-3.123319337870002488e-01
-3.129288174382880983e-01
-3.135255775255230137e-01
-3.141222138130661534e-01
-3.147187260653285801e-01
-3.153151140467688185e-01
-3.159113775218960751e-01
-3.165075162552674071e-01
-3.171035300114892763e-01
-3.176994185552186045e-01
-3.182951816511606080e-01
-3.188908190640699081e-01
-3.194863305587521407e-01
-3.200817159000609036e-01
-3.206769748529013642e-01
-3.212721071822272623e-01
-3.218671126530423532e-01
-3.224619910304017956e-01
-3.230567420794095423e-01
-3.236513655652200061e-01
-3.242458612530390583e-01
-3.248402289081214755e-01
-3.254344682957742152e-01
-3.260285791813536393e-01
-3.266225613302668473e-01
-3.272164145079729525e-01
-3.278101384799805285e-01
-3.284037330118506071e-01
-3.289971978691941801e-01
-3.295905328176734206e-01
-3.301837376230031817e-01
-3.307768120509481657e-01
-3.313697558673249222e-01
-3.319625688380024586e-01
-3.325552507289000759e-01
-3.331478013059903098e-01
-3.337402203352963781e-01
-3.343325075828934567e-01
-3.349246628149099569e-01
-3.355166857975252492e-01
-3.361085762969707735e-01
-3.367003340795317046e-01
-3.372919589115438432e-01
-3.378834505593971693e-01
-3.384748087895330659e-01
-3.390660333684455408e-01
-3.396571240626826693e-01
-3.402480806388435974e-01
-3.408389028635822604e-01
-3.414295905036043854e-01
-3.420201433256686574e-01
-3.426105610965884396e-01
-3.432008435832291093e-01
-3.437909905525095011e-01
-3.443810017714030725e-01
-3.449708770069353503e-01
-3.455606160261872062e-01
-3.461502185962920253e-01
-3.467396844844370940e-01
-3.473290134578648214e-01
-3.479182052838705741e-01
-3.485072597298037866e-01
-3.490961765630694047e-01
-3.496849555511250540e-01
-3.502735964614844266e-01
-3.508620990617145607e-01
-3.514504631194370066e-01
-3.520386884023293805e-01
-3.526267746781223678e-01
-3.532147217146031637e-01
-3.538025292796127541e-01
-3.543901971410472473e-01
-3.549777250668590400e-01
-3.555651128250545967e-01
-3.561523601836957820e-01
-3.567394669109010263e-01
-3.573264327748427727e-01
-3.579132575437506403e-01
-3.584999409859087605e-01
-3.590864828696569977e-01
-3.596728829633925040e-01
-3.602591410355669987e-01
-3.608452568546884343e-01
-3.614312301893221058e-01
-3.620170608080879315e-01
-3.626027484796637279e-01
-3.631882929727827669e-01
-3.637736940562345533e-01
-3.643589514988667122e-01
-3.649440650695817689e-01
-3.655290345373408134e-01
-3.661138596711605575e-01
-3.666985402401146676e-01
-3.672830760133352079e-01
-3.678674667600101422e-01
-3.684517122493846109e-01
-3.690358122507625405e-01
-3.696197665335035354e-01
-3.702035748670263193e-01
-3.707872370208061819e-01
-3.713707527643760331e-01
-3.719541218673278471e-01
-3.725373440993101637e-01
-3.731204192300297540e-01
-3.737033470292525084e-01
-3.742861272668008832e-01
-3.748687597125572868e-01
-3.754512441364612485e-01
-3.760335803085107509e-01
-3.766157679987634510e-01
-3.771978069773341824e-01
-3.777796970143979527e-01
-3.783614378801874456e-01
-3.789430293449942422e-01
-3.795244711791701531e-01
-3.801057631531248315e-01
-3.806869050373270502e-01
-3.812678966023061444e-01
-3.818487376186491256e-01
-3.824294278570041783e-01
-3.830099670880776630e-01
-3.835903550826356145e-01
-3.841705916115050745e-01
-3.847506764455716488e-01
-3.853306093557807288e-01
-3.859103901131391012e-01
-3.864900184887118395e-01
-3.870694942536259120e-01
-3.876488171790672954e-01
-3.882279870362822516e-01
-3.888070035965788818e-01
-3.893858666313240180e-01
-3.899645759119468313e-01
-3.905431312099358898e-01
-3.911215322968407127e-01
-3.916997789442727695e-01
-3.922778709239034822e-01
-3.928558080074651127e-01
-3.934335899667524838e-01
-3.940112165736199823e-01
-3.945886875999849996e-01
-3.951660028178251016e-01
-3.957431619991793048e-01
-3.963201649161496309e-01
-3.968970113408984979e-01
-3.974737010456501074e-01
-3.980502338026916664e-01
-3.986266093843710001e-01
-3.992028275630993273e-01
-3.997788881113489290e-01
-4.003547908016544254e-01
-4.009305354066137750e-01
-4.015061216988859427e-01
-4.020815494511938981e-01
-4.026568184363220060e-01
-4.032319284271173587e-01
-4.038068791964910531e-01
-4.043816705174158588e-01
-4.049563021629273840e-01
-4.055307739061256300e-01
-4.061050855201720489e-01
-4.066792367782929851e-01
-4.072532274537769559e-01
-4.078270573199756499e-01
-4.084007261503057040e-01
-4.089742337182460385e-01
-4.095475797973392451e-01
-4.101207641611929189e-01
-4.106937865834768275e-01
-4.112666468379264084e-01
-4.118393446983398820e-01
-4.124118799385794731e-01
-4.129842523325730208e-01
-4.135564616543109251e-01
-4.141285076778496443e-01
-4.147003901773088641e-01
-4.152721089268728849e-01
-4.158436637007918990e-01
-4.164150542733795479e-01
-4.169862804190143102e-01
-4.175573419121409446e-01
-4.181282385272674373e-01
-4.186989700389686653e-01
-4.192695362218832877e-01
-4.198399368507153562e-01
-4.204101717002355909e-01
-4.209802405452788276e-01
-4.215501431607454608e-01
-4.221198793216027756e-01
-4.226894488028821728e-01
-4.232588513796824992e-01
-4.238280868271672164e-01
-4.243971549205658444e-01
-4.249660554351751829e-01
-4.255347881463565907e-01
-4.261033528295393169e-01
-4.266717492602176698e-01
-4.272399772139525154e-01
-4.278080364663723878e-01
-4.283759267931711578e-01
-4.289436479701095317e-01
-4.295111997730161058e-01
-4.300785819777848129e-01
-4.306457943603781979e-01
-4.312128366968245308e-01
-4.317797087632193054e-01
-4.323464103357265165e-01
-4.329129411905761060e-01
-4.334793011040655730e-01
-4.340454898525610838e-01
-4.346115072124947520e-01
-4.351773529603679691e-01
-4.357430268727487954e-01
-4.363085287262729595e-01
-4.368738582976454676e-01
-4.374390153636377176e-01
-4.380039997010908293e-01
-4.385688110869128686e-01
-4.391334492980803472e-01
-4.396979141116391654e-01
-4.402622053047026141e-01
-4.408263226544524294e-01
-4.413902659381404026e-01
-4.419540349330852158e-01
-4.425176294166761615e-01
-4.430810491663700335e-01
-4.436442939596929036e-01
-4.442073635742408433e-01
-4.447702577876780361e-01
-4.453329763777379990e-01
-4.458955191222245817e-01
-4.464578857990096905e-01
-4.470200761860362304e-01
-4.475820900613155517e-01
-4.481439272029286713e-01
-4.487055873890276603e-01
-4.492670703978327573e-01
-4.498283760076358107e-01
-4.503895039967976133e-01
-4.509504541437490133e-01
-4.515112262269921906e-01
-4.520718200250985475e-01
-4.526322353167099299e-01
-4.531924718805396823e-01
-4.537525294953703714e-01
-4.543124079400566173e-01
-4.548721069935227068e-01
-4.554316264347636478e-01
-4.559909660428467237e-01
-4.565501255969088845e-01
-4.571091048761582454e-01
-4.576679036598753081e-01
-4.582265217274102964e-01
-4.587849588581862093e-01
-4.593432148316965447e-01
-4.599012894275060770e-01
-4.604591824252525778e-01
-4.610168936046439292e-01
-4.615744227454612325e-01
-4.621317696275564768e-01
-4.626889340308534271e-01
-4.632459157353493451e-01
-4.638027145211122138e-01
-4.643593301682822916e-01
-4.649157624570733893e-01
-4.654720111677701500e-01
-4.660280760807312683e-01
-4.665839569763867711e-01
-4.671396536352394602e-01
-4.676951658378658561e-01
-4.682504933649144774e-01
-4.688056359971063958e-01
-4.693605935152371234e-01
-4.699153657001735596e-01
-4.704699523328574884e-01
-4.710243531943026363e-01
-4.715785680655961709e-01
-4.721325967278998670e-01
-4.726864389624473861e-01
-4.732400945505477186e-01
-4.737935632735822411e-01
-4.743468449130062159e-01
-4.748999392503498451e-01
-4.754528460672162171e-01
-4.760055651452824166e-01
-4.765580962663008013e-01
-4.771104392120964488e-01
-4.776625937645703202e-01
-4.782145597056964847e-01
-4.787663368175235634e-01
-4.793179248821759497e-01
-4.798693236818513674e-01
-4.804205329988224804e-01
-4.809715526154377252e-01
-4.815223823141190351e-01
-4.820730218773648934e-01
-4.826234710877476131e-01
-4.831737297279146692e-01
-4.837237975805900869e-01
-4.842736744285714434e-01
-4.848233600547335320e-01
-4.853728542420253089e-01
-4.859221567734713920e-01
-4.864712674321732822e-01
-4.870201860013070316e-01
-4.875689122641245210e-01
-4.881174460039547913e-01
-4.886657870042012686e-01
-4.892139350483450944e-01
-4.897618899199424614e-01
-4.903096514026257791e-01
-4.908572192801050060e-01
-4.914045933361654295e-01
-4.919517733546687754e-01
-4.924987591195545966e-01
-4.930455504148376633e-01
-4.935921470246109610e-01
-4.941385487330433035e-01
-4.946847553243803874e-01
-4.952307665829461802e-01
-4.957765822931401445e-01
-4.963222022394405686e-01
-4.968676262064019022e-01
-4.974128539786558667e-01
-4.979578853409129535e-01
-4.985027200779599266e-01
-4.990473579746613209e-01
-4.995917988159604972e-01
-5.001360423868769223e-01
-5.006800884725097767e-01
-5.012239368580350130e-01
-5.017675873287062993e-01
-5.023110396698571289e-01
-5.028542936668977115e-01
-5.033973491053166383e-01
-5.039402057706823257e-01
-5.044828634486396846e-01
-5.050253219249140058e-01
-5.055675809853081848e-01
-5.061096404157036099e-01
-5.066515000020618276e-01
-5.071931595304216556e-01
-5.077346187869025140e-01
-5.082758775577017607e-01
-5.088169356290958012e-01
-5.093577927874415323e-01
-5.098984488191740105e-01
-5.104389035108077843e-01
-5.109791566489378933e-01
-5.115192080202375369e-01
-5.120590574114612936e-01
-5.125987046094419020e-01
-5.131381494010922584e-01
-5.136773915734064166e-01
-5.142164309134570344e-01
-5.147552672083969272e-01
-5.152939002454602901e-01
-5.158323298119601441e-01
-5.163705556952911113e-01
-5.169085776829274170e-01
-5.174463955624234446e-01
-5.179840091214156228e-01
-5.185214181476194284e-01
-5.190586224288324946e-01
-5.195956217529323906e-01
-5.201324159078775100e-01
-5.206690046817082917e-01
-5.212053878625453329e-01
-5.217415652385902769e-01
-5.222775365981271456e-01
-5.228133017295198970e-01
-5.233488604212154227e-01
-5.238842124617409945e-01
-5.244193576397052636e-01
-5.249542957438001478e-01
-5.254890265627977231e-01
-5.260235498855522218e-01
-5.265578655010008102e-01
-5.270919731981612566e-01
-5.276258727661347070e-01
-5.281595639941037978e-01
-5.286930466713329890e-01
-5.292263205871703402e-01
-5.297593855310454014e-01
-5.302922412924701012e-01
-5.308248876610399680e-01
-5.313573244264320206e-01
-5.318895513784072104e-01
-5.324215683068083127e-01
-5.329533750015612581e-01
-5.334849712526759102e-01
-5.340163568502436231e-01
-5.345475315844406827e-01
-5.350784952455253096e-01
-5.356092476238393241e-01
-5.361397885098087013e-01
-5.366701176939422391e-01
-5.372002349668318910e-01
-5.377301401191548758e-01
-5.382598329416703464e-01
-5.387893132252228323e-01
-5.393185807607397964e-01
-5.398476353392325233e-01
-5.403764767517976741e-01
-5.409051047896149544e-01
-5.414335192439481137e-01
-5.419617199061467216e-01
-5.424897065676429486e-01
-5.430174790199550072e-01
-5.435450370546848209e-01
-5.440723804635185790e-01
-5.445995090382287351e-01
-5.451264225706708988e-01
-5.456531208527869437e-01
-5.461796036766027873e-01
-5.467058708342296125e-01
-5.472319221178644222e-01
-5.477577573197887073e-01
-5.482833762323691129e-01
-5.488087786480588814e-01
-5.493339643593952992e-01
-5.498589331590024720e-01
-5.503836848395893266e-01
-5.509082191939502771e-01
-5.514325360149670008e-01
-5.519566350956055523e-01
-5.524805162289182503e-01
-5.530041792080443441e-01
-5.535276238262081261e-01
-5.540508498767212631e-01
-5.545738571529805760e-01
-5.550966454484695944e-01
-5.556192145567590002e-01
-5.561415642715050733e-01
-5.566636943864516907e-01
-5.571856046954286601e-01
-5.577072949923523870e-01
-5.582287650712274285e-01
-5.587500147261441619e-01
-5.592710437512796728e-01
-5.597918519408998650e-01
-5.603124390893559070e-01
-5.608328049910877855e-01
-5.613529494406219733e-01
-5.618728722325722069e-01
-5.623925731616407075e-01
-5.629120520226166269e-01
-5.634313086103763801e-01
-5.639503427198855334e-01
-5.644691541461958062e-01
-5.649877426844484019e-01
-5.655061081298716763e-01
-5.660242502777815821e-01
-5.665421689235838887e-01
-5.670598638627706300e-01
-5.675773348909239902e-01
-5.680945818037135275e-01
-5.686116043968969525e-01
-5.691284024663219032e-01
-5.696449758079233927e-01
-5.701613242177254737e-01
-5.706774474918419049e-01
-5.711933454264738197e-01
-5.717090178179128346e-01
-5.722244644625387178e-01
-5.727396851568200553e-01
-5.732546796973160275e-01
-5.737694478806739662e-01
-5.742839895036304654e-01
-5.747983043630126021e-01
-5.753123922557359382e-01
-5.758262529788066297e-01
-5.763398863293197616e-01
-5.768532921044601247e-01
-5.773664701015033263e-01
-5.778794201178135692e-01
-5.783921419508466499e-01
-5.789046353981471826e-01
-5.794169002573500427e-01
-5.799289363261814767e-01
-5.804407434024568824e-01
-5.809523212840822515e-01
-5.814636697690549472e-01
-5.819747886554617056e-01
-5.824856777414811893e-01
-5.829963368253817668e-01
-5.835067657055226231e-01
-5.840169641803549805e-01
-5.845269320484198783e-01
-5.850366691083493942e-01
-5.855461751588679764e-01
-5.860554499987896682e-01
-5.865644934270213273e-01
-5.870733052425601839e-01
-5.875818852444948392e-01
-5.880902332320064874e-01
-5.885983490043665833e-01
-5.891062323609396190e-01
-5.896138831011807913e-01
-5.901213010246371127e-01
-5.906284859309489654e-01
-5.911354376198469929e-01
-5.916421558911545420e-01
-5.921486405447879964e-01
-5.926548913807543340e-01
-5.931609081991546795e-01
-5.936666908001810850e-01
-5.941722389841184171e-01
-5.946775525513451344e-01
-5.951826313023309556e-01
-5.956874750376387473e-01
-5.961920835579249678e-01
-5.966964566639375578e-01
-5.972005941565190490e-01
-5.977044958366035665e-01
-5.982081615052186052e-01
-5.987115909634860289e-01
-5.992147840126191838e-01
-5.997177404539265622e-01
-6.002204600888088049e-01
-6.007229427187600335e-01
-6.012251881453691826e-01
-6.017271961703176686e-01
-6.022289665953807214e-01
-6.027304992224282731e-01
-6.032317938534229596e-01
-6.037328502904227845e-01
-6.042336683355785665e-01
-6.047342477911354930e-01
-6.052345884594336756e-01
-6.057346901429069286e-01
-6.062345526440831023e-01
-6.067341757655856371e-01
-6.072335593101308993e-01
-6.077327030805317332e-01
-6.082316068796941311e-01
-6.087302705106190093e-01
-6.092286937764033183e-01
-6.097268764802372676e-01
-6.102248184254076557e-01
-6.107225194152952064e-01
-6.112199792533756781e-01
-6.117171977432214192e-01
-6.122141746884987024e-01
-6.127109098929692799e-01
-6.132074031604914932e-01
-6.137036542950177198e-01
-6.141996631005974816e-01
-6.146954293813746695e-01
-6.151909529415893196e-01
-6.156862335855779467e-01
-6.161812711177722113e-01
-6.166760653426996974e-01
-6.171706160649851336e-01
-6.176649230893479503e-01
-6.181589862206052777e-01
-6.186528052636692809e-01
-6.191463800235489368e-01
-6.196397103053502553e-01
-6.201327959142746149e-01
-6.206256366556215376e-01
-6.211182323347858025e-01
-6.216105827572594444e-01
-6.221026877286319756e-01
-6.225945470545889426e-01
-6.230861605409129256e-01
-6.235775279934846482e-01
-6.240686492182803136e-01
-6.245595240213751564e-01
-6.250501522089404460e-01
-6.255405335872447070e-01
-6.260306679626551629e-01
-6.265205551416356267e-01
-6.270101949307471667e-01
-6.274995871366498834e-01
-6.279887315661001335e-01
-6.284776280259534165e-01
-6.289662763231623765e-01
-6.294546762647772464e-01
-6.299428276579478458e-01
-6.304307303099202509e-01
-6.309183840280405686e-01
-6.314057886197518288e-01
-6.318929438925957598e-01
-6.323798496542132330e-01
-6.328665057123428195e-01
-6.333529118748215669e-01
-6.338390679495865543e-01
-6.343249737446716718e-01
-6.348106290682115072e-01
-6.352960337284383474e-01
-6.357811875336832896e-01
-6.362660902923779060e-01
-6.367507418130513575e-01
-6.372351419043325027e-01
-6.377192903749502317e-01
-6.382031870337313562e-01
-6.386868316896038289e-01
-6.391702241515936356e-01
-6.396533642288267929e-01
-6.401362517305295707e-01
-6.406188864660269378e-01
-6.411012682447448929e-01
-6.415833968762083561e-01
-6.420652721700421672e-01
-6.425468939359720855e-01
-6.430282619838231239e-01
-6.435093761235206600e-01
-6.439902361650908791e-01
-6.444708419186593318e-01
-6.449511931944531540e-01
-6.454312898027989576e-01
-6.459111315541241627e-01
-6.463907182589573308e-01
-6.468700497279272765e-01
-6.473491257717631786e-01
-6.478279462012962453e-01
-6.483065108274573829e-01
-6.487848194612796382e-01
-6.492628719138963111e-01
-6.497406679965417320e-01
-6.502182075205524825e-01
-6.506954902973651755e-01
-6.511725161385190086e-01
-6.516492848556538764e-01
-6.521257962605110370e-01
-6.526020501649343331e-01
-6.530780463808683045e-01
-6.535537847203592987e-01
-6.540292649955564697e-01
-6.545044870187094466e-01
-6.549794506021713314e-01
-6.554541555583960344e-01
-6.559286016999399394e-01
-6.564027888394622368e-01
-6.568767167897237025e-01
-6.573503853635872529e-01
-6.578237943740193883e-01
-6.582969436340875280e-01
-6.587698329569632305e-01
-6.592424621559196396e-01
-6.597148310443325947e-01
-6.601869394356816301e-01
-6.606587871435478654e-01
-6.611303739816166702e-01
-6.616016997636756658e-01
-6.620727643036150578e-01
-6.625435674154297461e-01
-6.630141089132164378e-01
-6.634843886111754241e-01
-6.639544063236111349e-01
-6.644241618649302517e-01
-6.648936550496444831e-01
-6.653628856923677892e-01
-6.658318536078179362e-01
-6.663005586108174949e-01
-6.667690005162918432e-01
-6.672371791392701645e-01
-6.677050942948865586e-01
-6.681727457983781537e-01
-6.686401334650871053e-01
-6.691072571104589306e-01
-6.695741165500433967e-01
-6.700407115994956309e-01
-6.705070420745737891e-01
-6.709731077911417207e-01
-6.714389085651670808e-01
-6.719044442127218852e-01
-6.723697145499839545e-01
-6.728347193932349146e-01
-6.732994585588609748e-01
-6.737639318633545926e-01
-6.742281391233118093e-01
-6.746920801554348035e-01
-6.751557547765300038e-01
-6.756191628035091989e-01
-6.760823040533902040e-01
-6.765451783432953059e-01
-6.770077854904522630e-01
-6.774701253121951927e-01
-6.779321976259623517e-01
-6.783940022492992439e-01
-6.788555389998558454e-01
-6.793168076953880474e-01
-6.797778081537583228e-01
-6.802385401929341713e-01
-6.806990036309900072e-01
-6.811591982861054939e-01
-6.816191239765664323e-01
-6.820787805207657595e-01
-6.825381677372017730e-01
-6.829972854444789077e-01
-6.834561334613094008e-01
-6.839147116065101839e-01
-6.843730196990065462e-01
-6.848310575578290260e-01
-6.852888250021150762e-01
-6.857463218511098413e-01
-6.862035479241643809e-01
-6.866605030407367805e-01
-6.871171870203927057e-01
-6.875735996828040708e-01
-6.880297408477508148e-01
-6.884856103351193468e-01
-6.889412079649034348e-01
-6.893965335572047604e-01
-6.898515869322315863e-01
-6.903063679103006445e-01
-6.907608763118354700e-01
-6.912151119573670677e-01
-6.916690746675351331e-01
-6.921227642630862764e-01
-6.925761805648749103e-01
-6.930293233938642494e-01
-6.934821925711240898e-01
-6.939347879178340284e-01
-6.943871092552804658e-01
-6.948391564048578273e-01
-6.952909291880702281e-01
-6.957424274265289199e-01
-6.961936509419534014e-01
-6.966445995561729720e-01
-6.970952730911239570e-01
-6.975456713688525934e-01
-6.979957942115129210e-01
-6.984456414413676706e-01
-6.988952128807893738e-01
-6.993445083522582539e-01
-6.997935276783647796e-01
-7.002422706818074438e-01
-7.006907371853937638e-01
-7.011389270120415018e-01
-7.015868399847767778e-01
-7.020344759267349577e-01
-7.024818346611616526e-01
-7.029289160114108315e-01
-7.033757198009471523e-01
-7.038222458533439641e-01
-7.042684939922843057e-01
-7.047144640415619055e-01
-7.051601558250791824e-01
-7.056055691668485785e-01
-7.060507038909935584e-01
-7.064955598217461663e-01
-7.069401367834498018e-01
-7.073844346005569994e-01
-7.078284530976306499e-01
-7.082721920993449993e-01
-7.087156514304830957e-01
-7.091588309159398973e-01
-7.096017303807198306e-01
-7.100443496499379004e-01
-7.104866885488206885e-01
-7.109287469027045780e-01
-7.113705245370367525e-01
-7.118120212773760835e-01
-7.122532369493912441e-01
-7.126941713788629285e-01
-7.131348243916820762e-01
-7.135751958138508710e-01
-7.140152854714834074e-01
-7.144550931908042468e-01
-7.148946187981491951e-01
-7.153338621199664127e-01
-7.157728229828143052e-01
-7.162115012133640768e-01
-7.166498966383973990e-01
-7.170880090848078536e-01
-7.175258383796017103e-01
-7.179633843498955947e-01
-7.184006468229192643e-01
-7.188376256260138319e-01
-7.192743205866319878e-01
-7.197107315323396648e-01
-7.201468582908139293e-01
-7.205827006898440912e-01
-7.210182585573327030e-01
-7.214535317212934507e-01
-7.218885200098534849e-01
-7.223232232512518669e-01
-7.227576412738397904e-01
-7.231917739060822470e-01
-7.236256209765561387e-01
-7.240591823139508332e-01
-7.244924577470694960e-01
-7.249254471048270920e-01
-7.253581502162526062e-01
-7.257905669104873780e-01
-7.262226970167855455e-01
-7.266545403645157108e-01
-7.270860967831578314e-01
-7.275173661023072169e-01
-7.279483481516709764e-01
-7.283790427610700169e-01
-7.288094497604392652e-01
-7.292395689798268910e-01
-7.296694002493941955e-01
-7.300989433994172773e-01
-7.305281982602848112e-01
-7.309571646625004915e-01
-7.313858424366809219e-01
-7.318142314135568371e-01
-7.322423314239737691e-01
-7.326701422988906032e-01
-7.330976638693801339e-01
-7.335248959666305080e-01
-7.339518384219430036e-01
-7.343784910667343624e-01
-7.348048537325349017e-01
-7.352309262509892918e-01
-7.356567084538579993e-01
-7.360822001730145114e-01
-7.365074012404486670e-01
-7.369323114882637693e-01
-7.373569307486781410e-01
-7.377812588540260119e-01
-7.382052956367554097e-01
-7.386290409294297143e-01
-7.390524945647278798e-01
-7.394756563754433243e-01
-7.398985261944855951e-01
-7.403211038548785927e-01
-7.407433891897616807e-01
-7.411653820323906849e-01
-7.415870822161357845e-01
-7.420084895744828435e-01
-7.424296039410342996e-01
-7.428504251495069433e-01
-7.432709530337344717e-01
-7.436911874276658230e-01
-7.441111281653656206e-01
-7.445307750810152836e-01
-7.449501280089111388e-01
-7.453691867834667528e-01
-7.457879512392109334e-01
-7.462064212107888395e-01
-7.466245965329626477e-01
-7.470424770406099979e-01
-7.474600625687249922e-01
-7.478773529524191943e-01
-7.482943480269194092e-01
-7.487110476275701254e-01
-7.491274515898318498e-01
-7.495435597492816626e-01
-7.499593719416144388e-01
-7.503748880026408496e-01
-7.507901077682888058e-01
-7.512050310746037907e-01
-7.516196577577473059e-01
-7.520339876539992030e-01
-7.524480205997556848e-01
-7.528617564315298605e-01
-7.532751949859534113e-01
-7.536883360997741477e-01
-7.541011796098585629e-01
-7.545137253531893906e-01
-7.549259731668674922e-01
-7.553379228881118568e-01
-7.557495743542583799e-01
-7.561609274027610850e-01
-7.565719818711920119e-01
-7.569827375972408845e-01
-7.573931944187149989e-01
-7.578033521735404454e-01
-7.582132106997616638e-01
-7.586227698355393345e-01
-7.590320294191542638e-01
-7.594409892890056080e-01
-7.598496492836088745e-01
-7.602580092416001412e-01
-7.606660690017333915e-01
-7.610738284028799594e-01
-7.614812872840310831e-01
-7.618884454842964615e-01
-7.622953028429046984e-01
-7.627018591992018592e-01
-7.631081143926542465e-01
-7.635140682628474007e-01
-7.639197206494837689e-01
-7.643250713923869233e-01
-7.647301203314992302e-01
-7.651348673068807393e-01
-7.655393121587124039e-01
-7.659434547272943039e-01
-7.663472948530444251e-01
-7.667508323765016565e-01
-7.671540671383240140e-01
-7.675569989792895287e-01
-7.679596277402939153e-01
-7.683619532623547910e-01
-7.687639753866090109e-01
-7.691656939543117799e-01
-7.695671088068397614e-01
-7.699682197856896337e-01
-7.703690267324764251e-01
-7.707695294889367332e-01
-7.711697278969272817e-01
-7.715696217984234773e-01
-7.719692110355225179e-01
-7.723684954504411726e-01
-7.727674748855174469e-01
-7.731661491832079180e-01
-7.735645181860913988e-01
-7.739625817368672722e-01
-7.743603396783536041e-01
-7.747577918534911401e-01
-7.751549381053413068e-01
-7.755517782770844359e-01
-7.759483122120235388e-01
-7.763445397535825299e-01
-7.767404607453047838e-01
-7.771360750308561327e-01
-7.775313824540236451e-01
-7.779263828587139606e-01
-7.783210760889563984e-01
-7.787154619889012919e-01
-7.791095404028206550e-01
-7.795033111751065169e-01
-7.798967741502735862e-01
-7.802899291729585851e-01
-7.806827760879179179e-01
-7.810753147400314456e-01
-7.814675449743005986e-01
-7.818594666358470446e-01
-7.822510795699159081e-01
-7.826423836218743268e-01
-7.830333786372094540e-01
-7.834240644615325655e-01
-7.838144409405760626e-01
-7.842045079201952484e-01
-7.845942652463659961e-01
-7.849837127651879687e-01
-7.853728503228832869e-01
-7.857616777657948637e-01
-7.861501949403896239e-01
-7.865384016932568390e-01
-7.869262978711070167e-01
-7.873138833207747878e-01
-7.877011578892174626e-01
-7.880881214235135879e-01
-7.884747737708659443e-01
-7.888611147785998812e-01
-7.892471442941640936e-01
-7.896328621651285129e-01
-7.900182682391881928e-01
-7.904033623641608663e-01
-7.907881443879860583e-01
-7.911726141587279715e-01
-7.915567715245741542e-01
-7.919406163338341686e-01
-7.923241484349422548e-01
-7.927073676764563315e-01
-7.930902739070561092e-01
-7.934728669755465313e-01
-7.938551467308563314e-01
-7.942371130220361453e-01
-7.946187656982622860e-01
-7.950001046088339685e-01
-7.953811296031751965e-01
-7.957618405308320986e-01
-7.961422372414765913e-01
-7.965223195849044924e-01
-7.969020874110342989e-01
-7.972815405699101854e-01
-7.976606789117005603e-01
-7.980395022866967336e-01
-7.984180105453156928e-01
-7.987962035380992143e-01
-7.991740811157116431e-01
-7.995516431289435566e-01
-7.999288894287096552e-01
-8.003058198660498723e-01
-8.006824342921272653e-01
-8.010587325582310125e-01
-8.014347145157755259e-01
-8.018103800162982298e-01
-8.021857289114633360e-01
-8.025607610530596236e-01
-8.029354762929999945e-01
-8.033098744833236937e-01
-8.036839554761949778e-01
-8.040577191239022259e-01
-8.044311652788603828e-01
-8.048042937936094043e-01
-8.051771045208150346e-01
-8.055495973132670295e-01
-8.059217720238822658e-01
-8.062936285057031860e-01
-8.066651666118963560e-01
-8.070363861957556839e-01
-8.074072871107005334e-01
-8.077778692102749458e-01
-8.081481323481500834e-01
-8.085180763781234514e-01
-8.088877011541164563e-01
-8.092570065301786242e-01
-8.096259923604853803e-01
-8.099946584993367171e-01
-8.103630048011605247e-01
-8.107310311205103703e-01
-8.110987373120668309e-01
-8.114661232306351613e-01
-8.118331887311488471e-01
-8.121999336686677173e-01
-8.125663578983766122e-01
-8.129324612755887136e-01
-8.132982436557437689e-01
-8.136637048944067585e-01
-8.140288448472711158e-01
-8.143936633701569505e-01
-8.147581603190099386e-01
-8.151223355499040979e-01
-8.154861889190401225e-01
-8.158497202827462713e-01
-8.162129294974762583e-01
-8.165758164198128055e-01
-8.169383809064656443e-01
-8.173006228142704055e-01
-8.176625420001918387e-01
-8.180241383213215922e-01
-8.183854116348777685e-01
-8.187463617982074782e-01
-8.191069886687850632e-01
-8.194672921042114311e-01
-8.198272719622163862e-01
-8.201869281006572976e-01
-8.205462603775197650e-01
-8.209052686509155095e-01
-8.212639527790861482e-01
-8.216223126204008631e-01
-8.219803480333555123e-01
-8.223380588765758503e-01
-8.226954450088153070e-01
-8.230525062889545440e-01
-8.234092425760034528e-01
-8.237656537291005998e-01
-8.241217396075115609e-01
-8.244775000706313639e-01
-8.248329349779839337e-01
-8.251880441892202045e-01
-8.255428275641211178e-01
-8.258972849625956236e-01
-8.262514162446823462e-01
-8.266052212705466973e-01
-8.269586999004846506e-01
-8.273118519949210770e-01
-8.276646774144081897e-01
-8.280171760196287645e-01
-8.283693476713945847e-01
-8.287211922306451095e-01
-8.290727095584502493e-01
-8.294238995160093664e-01
-8.297747619646496098e-01
-8.301252967658285797e-01
-8.304755037811332175e-01
-8.308253828722800272e-01
-8.311749339011138549e-01
-8.315241567296101088e-01
-8.318730512198743154e-01
-8.322216172341397877e-01
-8.325698546347712892e-01
-8.329177632842629242e-01
-8.332653430452376941e-01
-8.336125937804496067e-01
-8.339595153527824545e-01
-8.343061076252488162e-01
-8.346523704609928318e-01
-8.349983037232878713e-01
-8.353439072755382000e-01
-8.356891809812767580e-01
-8.360341247041681578e-01
-8.363787383080073523e-01
-8.367230216567180801e-01
-8.370669746143561962e-01
-8.374105970451075631e-01
-8.377538888132877171e-01
-8.380968497833436448e-01
-8.384394798198532284e-01
-8.387817787875235798e-01
-8.391237465511939275e-01
-8.394653829758342845e-01
-8.398066879265440043e-01
-8.401476612685550016e-01
-8.404883028672291978e-01
-8.408286125880605200e-01
-8.411685902966721251e-01
-8.415082358588198419e-01
-8.418475491403907274e-01
-8.421865300074014016e-01
-8.425251783260012672e-01
-8.428634939624711775e-01
-8.432014767832217705e-01
-8.435391266547965783e-01
-8.438764434438705830e-01
-8.442134270172487742e-01
-8.445500772418694790e-01
-8.448863939848015869e-01
-8.452223771132468810e-01
-8.455580264945367075e-01
-8.458933419961361944e-01
-8.462283234856420311e-01
-8.465629708307814694e-01
-8.468972838994148766e-01
-8.472312625595351809e-01
-8.475649066792652064e-01
-8.478982161268618922e-01
-8.482311907707140719e-01
-8.485638304793413633e-01
-8.488961351213970552e-01
-8.492281045656663307e-01
-8.495597386810671559e-01
-8.498910373366485027e-01
-8.502220004015932364e-01
-8.505526277452166717e-01
-8.508829192369653516e-01
-8.512128747464198231e-01
-8.515424941432931938e-01
-8.518717772974301328e-01
-8.522007240788092020e-01
-8.525293343575419680e-01
-8.528576080038714480e-01
-8.531855448881748849e-01
-8.535131448809626376e-01
-8.538404078528765151e-01
-8.541673336746929968e-01
-8.544939222173210114e-01
-8.548201733518033807e-01
-8.551460869493144878e-01
-8.554716628811637191e-01
-8.557969010187934655e-01
-8.561218012337782346e-01
-8.564463633978274260e-01
-8.567705873827839991e-01
-8.570944730606226969e-01
-8.574180203034535985e-01
-8.577412289835202319e-01
-8.580640989731984636e-01
-8.583866301449994962e-01
-8.587088223715674262e-01
-8.590306755256809090e-01
-8.593521894802512717e-01
-8.596733641083247335e-01
-8.599941992830818505e-01
-8.603146948778357395e-01
-8.606348507660349645e-01
-8.609546668212622045e-01
-8.612741429172329211e-01
-8.615932789277982451e-01
-8.619120747269436444e-01
-8.622305301887875917e-01
-8.625486451875840066e-01
-8.628664195977211460e-01
-8.631838532937220476e-01
-8.635009461502428652e-01
-8.638176980420759765e-01
-8.641341088441478746e-01
-8.644501784315189452e-01
-8.647659066793853544e-01
-8.650812934630780493e-01
-8.653963386580616479e-01
-8.657110421399366595e-01
-8.660254037844388186e-01
-8.663394234674375305e-01
-8.666531010649383138e-01
-8.669664364530820233e-01
-8.672794295081429627e-01
-8.675920801065323262e-01
-8.679043881247958669e-01
-8.682163534396151183e-01
-8.685279759278055067e-01
-8.688392554663194600e-01
-8.691501919322444092e-01
-8.694607852028021222e-01
-8.697710351553513686e-01
-8.700809416673861429e-01
-8.703905046165351100e-01
-8.706997238805634920e-01
-8.710085993373726243e-01
-8.713171308649979574e-01
-8.716253183416122763e-01
-8.719331616455237022e-01
-8.722406606551766917e-01
-8.725478152491503714e-01
-8.728546253061612026e-01
-8.731610907050614268e-01
-8.734672113248385106e-01
-8.737729870446171443e-01
-8.740784177436580205e-01
-8.743835033013570568e-01
-8.746882435972477277e-01
-8.749926385109996207e-01
-8.752966879224175489e-01
-8.756003917114441037e-01
-8.759037497581583231e-01
-8.762067619427743592e-01
-8.765094281456443648e-01
-8.768117482472566060e-01
-8.771137221282363505e-01
-8.774153496693445353e-01
-8.777166307514798760e-01
-8.780175652556780896e-01
-8.783181530631102296e-01
-8.786183940550859051e-01
-8.789182881130512826e-01
-8.792178351185885310e-01
-8.795170349534178200e-01
-8.798158874993967649e-01
-8.801143926385186500e-01
-8.804125502529150937e-01
-8.807103602248547158e-01
-8.810078224367439148e-01
-8.813049367711247584e-01
-8.816017031106782031e-01
-8.818981213382226514e-01
-8.821941913367126187e-01
-8.824899129892415095e-01
-8.827852861790399519e-01
-8.830803107894752424e-01
-8.833749867040534554e-01
-8.836693138064183328e-01
-8.839632919803501743e-01
-8.842569211097681681e-01
-8.845502010787290592e-01
-8.848431317714278155e-01
-8.851357130721959621e-01
-8.854279448655045792e-01
-8.857198270359623038e-01
-8.860113594683147742e-01
-8.863025420474472948e-01
-8.865933746583826158e-01
-8.868838571862811548e-01
-8.871739895164423295e-01
-8.874637715343041133e-01
-8.877532031254412592e-01
-8.880422841755684082e-01
-8.883310145705385352e-01
-8.886193941963418386e-01
-8.889074229391082937e-01
-8.891951006851058770e-01
-8.894824273207416754e-01
-8.897694027325602217e-01
-8.900560268072458259e-01
-8.903422994316216865e-01
-8.906282204926484480e-01
-8.909137898774269759e-01
-8.911990074731966915e-01
-8.914838731673347949e-01
-8.917683868473590403e-01
-8.920525484009255157e-01
-8.923363577158287541e-01
-8.926198146800031763e-01
-8.929029191815222033e-01
-8.931856711085985889e-01
-8.934680703495831988e-01
-8.937501167929675638e-01
-8.940318103273821038e-01
-8.943131508415959052e-01
-8.945941382245180540e-01
-8.948747723651976349e-01
-8.951550531528217336e-01
-8.954349804767181009e-01
-8.957145542263542648e-01
-8.959937742913359759e-01
-8.962726405614099834e-01
-8.965511529264621471e-01
-8.968293112765188813e-01
-8.971071155017446008e-01
-8.973845654924452742e-01
-8.976616611390664247e-01
-8.979384023321923536e-01
-8.982147889625486936e-01
-8.984908209210009655e-01
-8.987664980985533569e-01
-8.990418203863517199e-01
-8.993167876756815726e-01
-8.995913998579679882e-01
-8.998656568247768162e-01
-9.001395584678147932e-01
-9.004131046789272119e-01
-9.006862953501013624e-01
-9.009591303734642009e-01
-9.012316096412836819e-01
-9.015037330459668707e-01
-9.017755004800628305e-01
-9.020469118362609562e-01
-9.023179670073900871e-01
-9.025886658864209489e-01
-9.028590083664649324e-01
-9.031289943407728726e-01
-9.033986237027379351e-01
-9.036678963458935065e-01
-9.039368121639130838e-01
-9.042053710506121611e-01
-9.044735728999467872e-01
-9.047414176060141200e-01
-9.050089050630515386e-01
-9.052760351654384197e-01
-9.055428078076953602e-01
-9.058092228844829563e-01
-9.060752802906040237e-01
-9.063409799210028206e-01
-9.066063216707633821e-01
-9.068713054351125180e-01
-9.071359311094183697e-01
-9.074001985891890776e-01
-9.076641077700756677e-01
-9.079276585478701644e-01
-9.081908508185062567e-01
-9.084536844780585207e-01
-9.087161594227439743e-01
-9.089782755489210775e-01
-9.092400327530894000e-01
-9.095014309318907308e-01
-9.097624699821091898e-01
-9.100231498006692288e-01
-9.102834702846384074e-01
-9.105434313312261718e-01
-9.108030328377826335e-01
-9.110622747018011225e-01
-9.113211568209170776e-01
-9.115796790929066029e-01
-9.118378414156892431e-01
-9.120956436873262074e-01
-9.123530858060212578e-01
-9.126101676701191545e-01
-9.128668891781082095e-01
-9.131232502286189545e-01
-9.133792507204230304e-01
-9.136348905524358521e-01
-9.138901696237147210e-01
-9.141450878334589358e-01
-9.143996450810107923e-01
-9.146538412658555828e-01
-9.149076762876198199e-01
-9.151611500460736792e-01
-9.154142624411297779e-01
-9.156670133728438410e-01
-9.159194027414129247e-01
-9.161714304471783032e-01
-9.164230963906236926e-01
-9.166744004723750283e-01
-9.169253425932016865e-01
-9.171759226540164844e-01
-9.174261405558736815e-01
-9.176759961999719772e-01
-9.179254894876527349e-01
-9.181746203203997592e-01
-9.184233885998406288e-01
-9.186717942277461413e-01
-9.189198371060302017e-01
-9.191675171367492680e-01
-9.194148342221040160e-01
-9.196617882644382291e-01
-9.199083791662382437e-01
-9.201546068301347248e-01
-9.204004711589018894e-01
-9.206459720554561743e-01
-9.208911094228586780e-01
-9.211358831643141620e-01
-9.213802931831697185e-01
-9.216243393829171016e-01
-9.218680216671919503e-01
-9.221113399397724564e-01
-9.223542941045813626e-01
-9.225968840656851855e-01
-9.228391097272943266e-01
-9.230809709937622953e-01
-9.233224677695871518e-01
-9.235635999594110634e-01
-9.238043674680193051e-01
-9.240447702003418140e-01
-9.242848080614528561e-01
-9.245244809565696942e-01
-9.247637887910545862e-01
-9.250027314704141190e-01
-9.252413089002978763e-01
-9.254795209865007699e-01
-9.257173676349615965e-01
-9.259548487517639259e-01
-9.261919642431345467e-01
-9.264287140154455757e-01
-9.266650979752135697e-01
-9.269011160290985263e-01
-9.271367680839061043e-01
-9.273720540465861806e-01
-9.276069738242322948e-01
-9.278415273240838701e-01
-9.280757144535244363e-01
-9.283095351200816303e-01
-9.285429892314285283e-01
-9.287760766953827574e-01
-9.290087974199070509e-01
-9.292411513131078049e-01
-9.294731382832374100e-01
-9.297047582386931408e-01
-9.299360110880161567e-01
-9.301668967398935006e-01
-9.303974151031572104e-01
-9.306275660867836530e-01
-9.308573495998947456e-01
-9.310867655517579555e-01
-9.313158138517846352e-01
-9.315444944095325752e-01
-9.317728071347042285e-01
-9.320007519371470428e-01
-9.322283287268541274e-01
-9.324555374139638086e-01
-9.326823779087600741e-01
-9.329088501216713514e-01
-9.331349539632725065e-01
-9.333606893442837338e-01
-9.335860561755698894e-01
-9.338110543681420461e-01
-9.340356838331571598e-01
-9.342599444819167376e-01
-9.344838362258688358e-01
-9.347073589766070612e-01
-9.349305126458699045e-01
-9.351532971455426280e-01
-9.353757123876558222e-01
-9.355977582843860718e-01
-9.358194347480552899e-01
-9.360407416911316059e-01
-9.362616790262296984e-01
-9.364822466661086864e-01
-9.367024445236749042e-01
-9.369222725119807915e-01
-9.371417305442236723e-01
-9.373608185337478638e-01
-9.375795363940440108e-01
-9.377978840387478643e-01
-9.380158613816423907e-01
-9.382334683366561068e-01
-9.384507048178646338e-01
-9.386675707394885881e-01
-9.388840660158959128e-01
-9.391001905616008782e-01
-9.393159442912633050e-01
-9.395313271196902294e-01
-9.397463389618352370e-01
-9.399609797327975746e-01
-9.401752493478238160e-01
-9.403891477223069728e-01
-9.406026747717858294e-01
-9.408158304119469406e-01
-9.410286145586230777e-01
-9.412410271277931173e-01
-9.414530680355835957e-01
-9.416647371982671544e-01
-9.418760345322638727e-01
-9.420869599541394912e-01
-9.422975133806078540e-01
-9.425076947285293549e-01
-9.427175039149104929e-01
-9.429269408569057598e-01
-9.431360054718164188e-01
-9.433446976770899495e-01
-9.435530173903219353e-01
-9.437609645292548421e-01
-9.439685390117773522e-01
-9.441757407559262516e-01
-9.443825696798853198e-01
-9.445890257019855518e-01
-9.447951087407047144e-01
-9.450008187146683447e-01
-9.452061555426495287e-01
-9.454111191435677908e-01
-9.456157094364906479e-01
-9.458199263406333879e-01
-9.460237697753577368e-01
-9.462272396601736357e-01
-9.464303359147385741e-01
-9.466330584588568131e-01
-9.468354072124810505e-01
-9.470373820957111999e-01
-9.472389830287949453e-01
-9.474402099321271864e-01
-9.476410627262509268e-01
-9.478415413318572735e-01
-9.480416456697838834e-01
-9.482413756610171829e-01
-9.484407312266915913e-01
-9.486397122880884103e-01
-9.488383187666374896e-01
-9.490365505839167826e-01
-9.492344076616513471e-01
-9.494318899217148999e-01
-9.496289972861293727e-01
-9.498257296770635794e-01
-9.500220870168357701e-01
-9.502180692279112995e-01
-9.504136762329045141e-01
-9.506089079545768650e-01
-9.508037643158386842e-01
-9.509982452397488517e-01
-9.511923506495132408e-01
-9.513860804684872718e-01
-9.515794346201743581e-01
-9.517724130282254613e-01
-9.519650156164408683e-01
-9.521572423087691917e-01
-9.523490930293067036e-01
-9.525405677022987794e-01
-9.527316662521391200e-01
-9.529223886033704183e-01
-9.531127346806828049e-01
-9.533027044089157354e-01
-9.534922977130577681e-01
-9.536815145182446773e-01
-9.538703547497620061e-01
-9.540588183330441785e-01
-9.542469051936731672e-01
-9.544346152573808251e-01
-9.546219484500474417e-01
-9.548089046977016325e-01
-9.549954839265214490e-01
-9.551816860628338235e-01
-9.553675110331144582e-01
-9.555529587639873812e-01
-9.557380291822266116e-01
-9.559227222147547165e-01
-9.561070377886428107e-01
-9.562909758311116670e-01
-9.564745362695312725e-01
-9.566577190314197177e-01
-9.568405240444453064e-01
-9.570229512364252233e-01
-9.572050005353252011e-01
-9.573866718692609634e-01
-9.575679651664975589e-01
-9.577488803554482510e-01
-9.579294173646766275e-01
-9.581095761228952679e-01
-9.582893565589664098e-01
-9.584687586019008387e-01
-9.586477821808595534e-01
-9.588264272251530995e-01
-9.590046936642405706e-01
-9.591825814277312734e-01
-9.593600904453842837e-01
-9.595372206471072252e-01
-9.597139719629582677e-01
-9.598903443231450172e-01
-9.600663376580239605e-01
-9.602419518981022417e-01
-9.604171869740361078e-01
-9.605920428166320191e-01
-9.607665193568454276e-01
-9.609406165257819987e-01
-9.611143342546977220e-01
-9.612876724749971347e-01
-9.614606311182356535e-01
-9.616332101161186863e-01
-9.618054094005004107e-01
-9.619772289033862167e-01
-9.621486685569309305e-01
-9.623197282934389252e-01
-9.624904080453653421e-01
-9.626607077453149808e-01
-9.628306273260429649e-01
-9.630001667204538540e-01
-9.631693258616030873e-01
-9.633381046826960947e-01
-9.635065031170880756e-01
-9.636745210982846643e-01
-9.638421585599421526e-01
-9.640094154358662681e-01
-9.641762916600135069e-01
-9.643427871664909112e-01
-9.645089018895550703e-01
-9.646746357636136748e-01
-9.648399887232247396e-01
-9.650049607030959375e-01
-9.651695516380862649e-01
-9.653337614632048203e-01
-9.654975901136113592e-01
-9.656610375246155176e-01
-9.658241036316782546e-01
-9.659867883704109648e-01
-9.661490916765749226e-01
-9.663110134860829481e-01
-9.664725537349980744e-01
-9.666337123595336589e-01
-9.667944892960543823e-01
-9.669548844810755828e-01
-9.671148978512625893e-01
-9.672745293434323877e-01
-9.674337788945521766e-01
-9.675926464417404782e-01
-9.677511319222660280e-01
-9.679092352735488847e-01
-9.680669564331600974e-01
-9.682242953388209283e-01
-9.683812519284042963e-01
-9.685378261399339994e-01
-9.686940179115842708e-01
-9.688498271816808893e-01
-9.690052538887008460e-01
-9.691602979712713450e-01
-9.693149593681714693e-01
-9.694692380183310698e-01
-9.696231338608315431e-01
-9.697766468349044988e-01
-9.699297768799335362e-01
-9.700825239354535778e-01
-9.702348879411499816e-01
-9.703868688368600948e-01
-9.705384665625722551e-01
-9.706896810584259017e-01
-9.708405122647122409e-01
-9.709909601218735808e-01
-9.711410245705033306e-01
-9.712907055513467780e-01
-9.714400030053006452e-01
-9.715889168734124226e-01
-9.717374470968817013e-01
-9.718855936170593957e-01
-9.720333563754481876e-01
-9.721807353137014163e-01
-9.723277303736249655e-01
-9.724743414971760425e-01
-9.726205686264628447e-01
-9.727664117037460034e-01
-9.729118706714374731e-01
-9.730569454721007538e-01
-9.732016360484511130e-01
-9.733459423433558078e-01
-9.734898642998333074e-01
-9.736334018610542929e-01
-9.737765549703411017e-01
-9.739193235711679497e-01
-9.740617076071603764e-01
-9.742037070220965767e-01
-9.743453217599061800e-01
-9.744865517646704722e-01
-9.746273969806230619e-01
-9.747678573521496581e-01
-9.749079328237871822e-01
-9.750476233402252113e-01
-9.751869288463053120e-01
-9.753258492870204854e-01
-9.754643846075162772e-01
-9.756025347530903336e-01
-9.757402996691924013e-01
-9.758776793014236617e-01
-9.760146735955383956e-01
-9.761512824974427627e-01
-9.762875059531943567e-01
-9.764233439090038713e-01
-9.765587963112342118e-01
-9.766938631063997178e-01
-9.768285442411676067e-01
-9.769628396623576405e-01
-9.770967493169409046e-01
-9.772302731520418062e-01
-9.773634111149368531e-01
-9.774961631530543205e-01
-9.776285292139755834e-01
-9.777605092454341174e-01
-9.778921031953160536e-01
-9.780233110116594020e-01
-9.781541326426552718e-01
-9.782845680366473173e-01
-9.784146171421307381e-01
-9.785442799077543885e-01
-9.786735562823193346e-01
-9.788024462147787430e-01
-9.789309496542388800e-01
-9.790590665499586676e-01
-9.791867968513491283e-01
-9.793141405079743844e-01
-9.794410974695511030e-01
-9.795676676859490506e-01
-9.796938511071897615e-01
-9.798196476834483137e-01
-9.799450573650523300e-01
-9.800700801024819775e-01
-9.801947158463705234e-01
-9.803189645475038905e-01
-9.804428261568207681e-01
-9.805663006254128344e-01
-9.806893879045246454e-01
-9.808120879455534125e-01
-9.809344007000494470e-01
-9.810563261197161600e-01
-9.811778641564093961e-01
-9.812990147621384329e-01
-9.814197778890652035e-01
-9.815401534895052960e-01
-9.816601415159261768e-01
-9.817797419209493004e-01
-9.818989546573489990e-01
-9.820177796780522606e-01
-9.821362169361396166e-01
-9.822542663848448097e-01
-9.823719279775540159e-01
-9.824892016678071771e-01
-9.826060874092974462e-01
-9.827225851558706315e-01
-9.828386948615263075e-01
-9.829544164804168149e-01
-9.830697499668483719e-01
-9.831846952752795188e-01
-9.832992523603227841e-01
-9.834134211767440181e-01
-9.835272016794618377e-01
-9.836405938235486257e-01
-9.837535975642301977e-01
-9.838662128568852472e-01
-9.839784396570463443e-01
-9.840902779203992701e-01
-9.842017276027830164e-01
-9.843127886601903409e-01
-9.844234610487673232e-01
-9.845337447248136975e-01
-9.846436396447821870e-01
-9.847531457652795028e-01
-9.848622630430657887e-01
-9.849709914350545104e-01
-9.850793308983128993e-01
-9.851872813900617309e-01
-9.852948428676752135e-01
-9.854020152886813211e-01
-9.855087986107617937e-01
-9.856151927917515820e-01
-9.857211977896397359e-01
-9.858268135625687378e-01
-9.859320400688347252e-01
-9.860368772668876014e-01
-9.861413251153312576e-01
-9.862453835729230178e-01
-9.863490525985737500e-01
-9.864523321513487542e-01
-9.865552221904666519e-01
-9.866577226752997198e-01
-9.867598335653744446e-01
-9.868615548203711896e-01
-9.869628864001237512e-01
-9.870638282646200246e-01
-9.871643803740020040e-01
-9.872645426885650055e-01
-9.873643151687588881e-01
-9.874636977751871658e-01
-9.875626904686073404e-01
-9.876612932099306796e-01
-9.877595059602226613e-01
-9.878573286807028619e-01
-9.879547613327444022e-01
-9.880518038778749457e-01
-9.881484562777759217e-01
-9.882447184942828589e-01
-9.883405904893851623e-01
-9.884360722252270026e-01
-9.885311636641055388e-01
-9.886258647684731393e-01
-9.887201755009354942e-01
-9.888140958242531697e-01
-9.889076257013401650e-01
-9.890007650952651330e-01
-9.890935139692507150e-01
-9.891858722866737619e-01
-9.892778400110653347e-01
-9.893694171061110376e-01
-9.894606035356500184e-01
-9.895513992636765233e-01
-9.896418042543385640e-01
-9.897318184719383627e-01
-9.898214418809326842e-01
-9.899106744459328366e-01
-9.899995161317037828e-01
-9.900879669031653618e-01
-9.901760267253916226e-01
-9.902636955636111571e-01
-9.903509733832065454e-01
-9.904378601497150214e-01
-9.905243558288283623e-01
-9.906104603863923330e-01
-9.906961737884076857e-01
-9.907814960010293825e-01
-9.908664269905664845e-01
-9.909509667234832619e-01
-9.910351151663979730e-01
-9.911188722860833078e-01
-9.912022380494668328e-01
-9.912852124236304352e-01
-9.913677953758107675e-01
-9.914499868733985810e-01
-9.915317868839396143e-01
-9.916131953751341488e-01
-9.916942123148368982e-01
-9.917748376710571190e-01
-9.918550714119591660e-01
-9.919349135058613820e-01
-9.920143639212372078e-01
-9.920934226267146272e-01
-9.921720895910760563e-01
-9.922503647832591200e-01
-9.923282481723555426e-01
-9.924057397276123682e-01
-9.924828394184307401e-01
-9.925595472143668996e-01
-9.926358630851319642e-01
-9.927117870005913725e-01
-9.927873189307656610e-01
-9.928624588458301314e-01
-9.929372067161146287e-01
-9.930115625121040956e-01
-9.930855262044382403e-01
-9.931590977639113138e-01
-9.932322771614726653e-01
-9.933050643682267422e-01
-9.933774593554322019e-01
-9.934494620945030219e-01
-9.935210725570080559e-01
-9.935922907146710337e-01
-9.936631165393703391e-01
-9.937335500031395652e-01
-9.938035910781672921e-01
-9.938732397367965321e-01
-9.939424959515258395e-01
-9.940113596950085340e-01
-9.940798309400525890e-01
-9.941479096596215204e-01
-9.942155958268333871e-01
-9.942828894149614571e-01
-9.943497903974339858e-01
-9.944162987478343263e-01
-9.944824144399007082e-01
-9.945481374475263481e-01
-9.946134677447598937e-01
-9.946784053058046471e-01
-9.947429501050192302e-01
-9.948071021169172523e-01
-9.948708613161675318e-01
-9.949342276775937632e-01
-9.949972011761749613e-01
-9.950597817870453499e-01
-9.951219694854939180e-01
-9.951837642469651968e-01
-9.952451660470587047e-01
-9.953061748615291693e-01
-9.953667906662863052e-01
-9.954270134373952583e-01
-9.954868431510763838e-01
-9.955462797837049127e-01
-9.956053233118116186e-01
-9.956639737120825950e-01
-9.957222309613584788e-01
-9.957800950366360038e-01
-9.958375659150667802e-01
-9.958946435739575165e-01
-9.959513279907704630e-01
-9.960076191431229686e-01
-9.960635170087877022e-01
-9.961190215656927638e-01
-9.961741327919212408e-01
-9.962288506657120957e-01
-9.962831751654589452e-01
-9.963371062697111702e-01
-9.963906439571734719e-01
-9.964437882067055385e-01
-9.964965389973228227e-01
-9.965488963081959861e-01
-9.966008601186510107e-01
-9.966524304081693098e-01
-9.967036071563877275e-01
-9.967543903430984287e-01
-9.968047799482488980e-01
-9.968547759519422735e-01
-9.969043783344370135e-01
-9.969535870761468965e-01
-9.970024021576410211e-01
-9.970508235596444724e-01
-9.970988512630372114e-01
-9.971464852488547415e-01
-9.971937254982885523e-01
-9.972405719926847878e-01
-9.972870247135456889e-01
-9.973330836425289281e-01
-9.973787487614471647e-01
-9.974240200522692668e-01
-9.974688974971190891e-01
-9.975133810782763621e-01
-9.975574707781759143e-01
-9.976011665794085603e-01
-9.976444684647203243e-01
-9.976873764170128833e-01
-9.977298904193434570e-01
-9.977720104549250291e-01
-9.978137365071256815e-01
-9.978550685594694825e-01
-9.978960065956359315e-01
-9.979365505994600705e-01
-9.979767005549324832e-01
-9.980164564461996290e-01
-9.980558182575631765e-01
-9.980947859734807803e-01
-9.981333595785653046e-01
-9.981715390575857105e-01
-9.982093243954660577e-01
-9.982467155772866141e-01
-9.982837125882827456e-01
-9.983203154138456936e-01
-9.983565240395224638e-01
-9.983923384510157151e-01
-9.984277586341833155e-01
-9.984627845750394526e-01
-9.984974162597535230e-01
-9.985316536746507987e-01
-9.985654968062120940e-01
-9.985989456410740983e-01
-9.986320001660291545e-01
-9.986646603680251477e-01
-9.986969262341658382e-01
-9.987287977517105286e-01
-9.987602749080743969e-01
-9.987913576908282742e-01
-9.988220460876987561e-01
-9.988523400865679802e-01
-9.988822396754740707e-01
-9.989117448426109158e-01
-9.989408555763277242e-01
-9.989695718651299128e-01
-9.989978936976784407e-01
-9.990258210627901425e-01
-9.990533539494373949e-01
-9.990804923467485610e-01
-9.991072362440076571e-01
-9.991335856306545748e-01
-9.991595404962847482e-01
-9.991851008306497084e-01
-9.992102666236566400e-01
-9.992350378653683807e-01
-9.992594145460037547e-01
-9.992833966559372394e-01
-9.993069841856991875e-01
-9.993301771259759381e-01
-9.993529754676092614e-01
-9.993753792015969140e-01
-9.993973883190926388e-01
-9.994190028114058322e-01
-9.994402226700015435e-01
-9.994610478865010306e-01
-9.994814784526810936e-01
-9.995015143604744079e-01
-9.995211556019696353e-01
-9.995404021694110908e-01
-9.995592540551990757e-01
-9.995777112518896557e-01
-9.995957737521948827e-01
-9.996134415489822400e-01
-9.996307146352756412e-01
-9.996475930042544311e-01
-9.996640766492540520e-01
-9.996801655637657102e-01
-9.996958597414364878e-01
-9.997111591760692306e-01
-9.997260638616228823e-01
-9.997405737922120395e-01
-9.997546889621073962e-01
-9.997684093657351889e-01
-9.997817349976779733e-01
-9.997946658526737362e-01
-9.998072019256167842e-01
-9.998193432115568546e-01
-9.998310897056998936e-01
-9.998424414034076113e-01
-9.998533983001977044e-01
-9.998639603917437446e-01
-9.998741276738750683e-01
-9.998839001425769979e-01
-9.998932777939906202e-01
-9.999022606244133415e-01
-9.999108486302978882e-01
-9.999190418082534171e-01
-9.999268401550445162e-01
-9.999342436675920931e-01
-9.999412523429725974e-01
-9.999478661784186873e-01
-9.999540851713187850e-01
-9.999599093192171884e-01
-9.999653386198142924e-01
-9.999703730709660343e-01
-9.999750126706847819e-01
-9.999792574171382231e-01
-9.999831073086504762e-01
-9.999865623437013129e-01
-9.999896225209264911e-01
-9.999922878391175329e-01
-9.999945582972221692e-01
-9.999964338943437836e-01
-9.999979146297417465e-01
-9.999990005028314144e-01
-9.999996915131840192e-01
-9.999999876605267790e-01
-9.999998889447425654e-01
-9.999993953658705692e-01
-9.999985069241055236e-01
-9.999972236197983699e-01
-9.999955454534557031e-01
-9.999934724257403262e-01
-9.999910045374706957e-01
-9.999881417896212543e-01
-9.999848841833225421e-01
-9.999812317198606415e-01
-9.999771844006780652e-01
-9.999727422273727573e-01
-9.999679052016987590e-01
-9.999626733255660982e-01
-9.999570466010405667e-01
-9.999510250303441650e-01
-9.999446086158543245e-01
-9.999377973601047964e-01
-9.999305912657850959e-01
-9.999229903357406135e-01
-9.999149945729726152e-01
-9.999066039806384643e-01
-9.998978185620511772e-01
-9.998886383206798678e-01
-9.998790632601495254e-01
-9.998690933842407924e-01
-9.998587286968906307e-01
-9.998479692021914333e-01
-9.998368149043920239e-01
-9.998252658078965460e-01
-9.998133219172654629e-01
-9.998009832372148908e-01
-9.997882497726170437e-01
-9.997751215284997883e-01
-9.997615985100469782e-01
-9.997476807225984530e-01
-9.997333681716498166e-01
-9.997186608628524374e-01
-9.997035588020137808e-01
-9.996880619950971880e-01
-9.996721704482216531e-01
-9.996558841676621565e-01
-9.996392031598495542e-01
-9.996221274313706884e-01
-9.996046569889679434e-01
-9.995867918395398011e-01
-9.995685319901407295e-01
-9.995498774479807391e-01
-9.995308282204257155e-01
-9.995113843149976418e-01
-9.994915457393741542e-01
-9.994713125013887645e-01
-9.994506846090308594e-01
-9.994296620704457013e-01
-9.994082448939340946e-01
-9.993864330879531632e-01
-9.993642266611153513e-01
-9.993416256221893113e-01
-9.993186299800992378e-01
-9.992952397439254231e-01
-9.992714549229037013e-01
-9.992472755264257822e-01
-9.992227015640393617e-01
-9.991977330454476780e-01
-9.991723699805098446e-01
-9.991466123792409615e-01
-9.991204602518115596e-01
-9.990939136085482675e-01
-9.990669724599333668e-01
-9.990396368166049035e-01
-9.990119066893567989e-01
-9.989837820891385167e-01
-9.989552630270555067e-01
-9.989263495143688720e-01
-9.988970415624954802e-01
-9.988673391830079629e-01
-9.988372423876347161e-01
-9.988067511882599003e-01
-9.987758655969233290e-01
-9.987445856258205801e-01
-9.987129112873028847e-01
-9.986808425938773492e-01
-9.986483795582067335e-01
-9.986155221931094506e-01
-9.985822705115596776e-01
-9.985486245266872452e-01
-9.985145842517778592e-01
-9.984801497002725457e-01
-9.984453208857684281e-01
-9.984100978220179501e-01
-9.983744805229295416e-01
-9.983384690025671748e-01
-9.983020632751503642e-01
-9.982652633550543886e-01
-9.982280692568102909e-01
-9.981904809951045454e-01
-9.981524985847793907e-01
-9.981141220408327186e-01
-9.980753513784180742e-01
-9.980361866128444337e-01
-9.979966277595764268e-01
-9.979566748342346694e-01
-9.979163278525949865e-01
-9.978755868305888566e-01
-9.978344517843034112e-01
-9.977929227299813242e-01
-9.977509996840210338e-01
-9.977086826629762983e-01
-9.976659716835565295e-01
-9.976228667626267921e-01
-9.975793679172075823e-01
-9.975354751644750495e-01
-9.974911885217607743e-01
-9.974465080065518796e-01
-9.974014336364911415e-01
-9.973559654293767673e-01
-9.973101034031622847e-01
-9.972638475759572074e-01
-9.972171979660260366e-01
-9.971701545917891485e-01
-9.971227174718220176e-01
-9.970748866248561049e-01
-9.970266620697777471e-01
-9.969780438256292676e-01
-9.969290319116080878e-01
-9.968796263470672825e-01
-9.968298271515152464e-01
-9.967796343446159169e-01
-9.967290479461884400e-01
-9.966780679762076156e-01
-9.966266944548035633e-01
-9.965749274022618343e-01
-9.965227668390231885e-01
-9.964702127856840397e-01
-9.964172652629958993e-01
-9.963639242918659322e-01
-9.963101898933565126e-01
-9.962560620886853346e-01
-9.962015408992255239e-01
-9.961466263465053039e-01
-9.960913184522085517e-01
-9.960356172381744644e-01
-9.959795227263970041e-01
-9.959230349390262305e-01
-9.958661538983669681e-01
-9.958088796268792509e-01
-9.957512121471787658e-01
-9.956931514820362983e-01
-9.956346976543776206e-01
-9.955758506872842695e-01
-9.955166106039926577e-01
-9.954569774278945182e-01
-9.953969511825366823e-01
-9.953365318916215232e-01
-9.952757195790061795e-01
-9.952145142687032209e-01
-9.951529159848804262e-01
-9.950909247518607836e-01
-9.950285405941220462e-01
-9.949657635362977315e-01
-9.949025936031761219e-01
-9.948390308197004872e-01
-9.947750752109696393e-01
-9.947107268022372661e-01
-9.946459856189120430e-01
-9.945808516865580762e-01
-9.945153250308942372e-01
-9.944494056777946067e-01
-9.943830936532881415e-01
-9.943163889835593405e-01
-9.942492916949472459e-01
-9.941818018139461088e-01
-9.941139193672051677e-01
-9.940456443815287590e-01
-9.939769768838760955e-01
-9.939079169013614878e-01
-9.938384644612541230e-01
-9.937686195909782860e-01
-9.936983823181131381e-01
-9.936277526703927165e-01
-9.935567306757060457e-01
-9.934853163620971372e-01
-9.934135097577649898e-01
-9.933413108910632561e-01
-9.932687197905005760e-01
-9.931957364847405767e-01
-9.931223610026016502e-01
-9.930485933730569537e-01
-9.929744336252348536e-01
-9.928998817884181483e-01
-9.928249378920446233e-01
-9.927496019657068294e-01
-9.926738740391521931e-01
-9.925977541422827954e-01
-9.925212423051558153e-01
-9.924443385579826415e-01
-9.923670429311299834e-01
-9.922893554551188711e-01
-9.922112761606252107e-01
-9.921328050784798958e-01
-9.920539422396678075e-01
-9.919746876753294806e-01
-9.918950414167593266e-01
-9.918150034954066330e-01
-9.917345739428756746e-01
-9.916537527909250471e-01
-9.915725400714678894e-01
-9.914909358165723274e-01
-9.914089400584606970e-01
-9.913265528295102103e-01
-9.912437741622524001e-01
-9.911606040893737868e-01
-9.910770426437148783e-01
-9.909930898582710590e-01
-9.909087457661923670e-01
-9.908240104007831617e-01
-9.907388837955020122e-01
-9.906533659839625860e-01
-9.905674569999325385e-01
-9.904811568773342900e-01
-9.903944656502444710e-01
-9.903073833528943659e-01
-9.902199100196693582e-01
-9.901320456851097074e-01
-9.900437903839096609e-01
-9.899551441509180094e-01
-9.898661070211377533e-01
-9.897766790297266581e-01
-9.896868602119962555e-01
-9.895966506034127308e-01
-9.895060502395967017e-01
-9.894150591563228847e-01
-9.893236773895199843e-01
-9.892319049752716920e-01
-9.891397419498154653e-01
-9.890471883495428607e-01
-9.889542442110000886e-01
-9.888609095708873475e-01
-9.887671844660590459e-01
-9.886730689335235800e-01
-9.885785630104440003e-01
-9.884836667341370120e-01
-9.883883801420736415e-01
-9.882927032718792359e-01
-9.881966361613329086e-01
-9.881001788483679826e-01
-9.880033313710721021e-01
-9.879060937676865661e-01
-9.878084660766068836e-01
-9.877104483363829956e-01
-9.876120405857180540e-01
-9.875132428634699755e-01
-9.874140552086499989e-01
-9.873144776604240169e-01
-9.872145102581113552e-01
-9.871141530411853271e-01
-9.870134060492735673e-01
-9.869122693221573650e-01
-9.868107428997715536e-01
-9.867088268222055092e-01
-9.866065211297019300e-01
-9.865038258626575018e-01
-9.864007410616231208e-01
-9.862972667673030047e-01
-9.861934030205551371e-01
-9.860891498623918228e-01
-9.859845073339786881e-01
-9.858794754766350144e-01
-9.857740543318340709e-01
-9.856682439412030039e-01
-9.855620443465222813e-01
-9.854554555897261370e-01
-9.853484777129026817e-01
-9.852411107582934591e-01
-9.851333547682935565e-01
-9.850252097854522715e-01
-9.849166758524717791e-01
-9.848077530122080203e-01
-9.846984413076708131e-01
-9.845887407820234083e-01
-9.844786514785822673e-01
-9.843681734408175066e-01
-9.842573067123531194e-01
-9.841460513369663099e-01
-9.840344073585873819e-01
-9.839223748213007381e-01
-9.838099537693438812e-01
-9.836971442471074134e-01
-9.835839462991360360e-01
-9.834703599701273280e-01
-9.833563853049321901e-01
-9.832420223485552890e-01
-9.831272711461542801e-01
-9.830121317430399186e-01
-9.828966041846766144e-01
-9.827806885166822104e-01
-9.826643847848273161e-01
-9.825476930350358629e-01
-9.824306133133853258e-01
-9.823131456661061689e-01
-9.821952901395818447e-01
-9.820770467803494608e-01
-9.819584156350986692e-01
-9.818393967506726661e-01
-9.817199901740676360e-01
-9.816001959524328635e-01
-9.814800141330703998e-01
-9.813594447634359508e-01
-9.812384878911378783e-01
-9.811171435639374216e-01
-9.809954118297489201e-01
-9.808732927366401455e-01
-9.807507863328310815e-01
-9.806278926666949225e-01
-9.805046117867581845e-01
-9.803809437416997064e-01
-9.802568885803514265e-01
-9.801324463516982721e-01
-9.800076171048779372e-01
-9.798824008891805493e-01
-9.797567977540498907e-01
-9.796308077490816224e-01
-9.795044309240247271e-01
-9.793776673287805101e-01
-9.792505170134035986e-01
-9.791229800281008311e-01
-9.789950564232315910e-01
-9.788667462493085836e-01
-9.787380495569966143e-01
-9.786089663971131447e-01
-9.784794968206286248e-01
-9.783496408786656051e-01
-9.782193986224992921e-01
-9.780887701035578807e-01
-9.779577553734216666e-01
-9.778263544838233789e-01
-9.776945674866482916e-01
-9.775623944339346671e-01
-9.774298353778725357e-01
-9.772968903708042498e-01
-9.771635594652254841e-01
-9.770298427137833475e-01
-9.768957401692776044e-01
-9.767612518846606751e-01
-9.766263779130368583e-01
-9.764911183076627754e-01
-9.763554731219478144e-01
-9.762194424094530198e-01
-9.760830262238917587e-01
-9.759462246191300538e-01
-9.758090376491858065e-01
-9.756714653682289073e-01
-9.755335078305814589e-01
-9.753951650907182191e-01
-9.752564372032654916e-01
-9.751173242230014582e-01
-9.749778262048571786e-01
-9.748379432039150361e-01
-9.746976752754095141e-01
-9.745570224747277521e-01
-9.744159848574078797e-01
-9.742745624791405712e-01
-9.741327553957684904e-01
-9.739905636632858466e-01
-9.738479873378390606e-01
-9.737050264757258766e-01
-9.735616811333968057e-01
-9.734179513674533490e-01
-9.732738372346489975e-01
-9.731293387918893423e-01
-9.729844560962315203e-01
-9.728391892048838807e-01
-9.726935381752076504e-01
-9.725475030647147134e-01
-9.724010839310687215e-01
-9.722542808320856489e-01
-9.721070938257323490e-01
-9.719595229701276651e-01
-9.718115683235416524e-01
-9.716632299443964671e-01
-9.715145078912653664e-01
-9.713654022228728202e-01
-9.712159129980958427e-01
-9.710660402759618837e-01
-9.709157841156498270e-01
-9.707651445764908793e-01
-9.706141217179667935e-01
-9.704627155997106458e-01
-9.703109262815076130e-01
-9.701587538232934183e-01
-9.700061982851553299e-01
-9.698532597273321620e-01
-9.696999382102134968e-01
-9.695462337943403508e-01
-9.693921465404048421e-01
-9.692376765092506341e-01
-9.690828237618721586e-01
-9.689275883594147265e-01
-9.687719703631755275e-01
-9.686159698346021862e-01
-9.684595868352933179e-01
-9.683028214269993050e-01
-9.681456736716207434e-01
-9.679881436312092191e-01
-9.678302313679680857e-01
-9.676719369442509100e-01
-9.675132604225621380e-01
-9.673542018655570951e-01
-9.671947613360426521e-01
-9.670349388969758930e-01
-9.668747346114643371e-01
-9.667141485427672709e-01
-9.665531807542940834e-01
-9.663918313096047097e-01
-9.662301002724105192e-01
-9.660679877065729837e-01
-9.659054936761042320e-01
-9.657426182451673835e-01
-9.655793614780758816e-01
-9.654157234392938269e-01
-9.652517041934355335e-01
-9.650873038052666386e-01
-9.649225223397026596e-01
-9.647573598618093271e-01
-9.645918164368036951e-01
-9.644258921300525866e-01
-9.642595870070732600e-01
-9.640929011335337417e-01
-9.639258345752520496e-01
-9.637583873981963034e-01
-9.635905596684857244e-01
-9.634223514523890808e-01
-9.632537628163253540e-01
-9.630847938268642938e-01
-9.629154445507255300e-01
-9.627457150547786835e-01
-9.625756054060435885e-01
-9.624051156716905142e-01
-9.622342459190396102e-01
-9.620629962155605730e-01
-9.618913666288742004e-01
-9.617193572267503932e-01
-9.615469680771090433e-01
-9.613741992480209220e-01
-9.612010508077056814e-01
-9.610275228245330759e-01
-9.608536153670232949e-01
-9.606793285038459640e-01
-9.605046623038202558e-01
-9.603296168359153340e-01
-9.601541921692506865e-01
-9.599783883730947931e-01
-9.598022055168657918e-01
-9.596256436701322556e-01
-9.594487029026118607e-01
-9.592713832841716082e-01
-9.590936848848290452e-01
-9.589156077747504892e-01
-9.587371520242516931e-01
-9.585583177037987346e-01
-9.583791048840065718e-01
-9.581995136356397103e-01
-9.580195440296117582e-01
-9.578391961369866481e-01
-9.576584700289768604e-01
-9.574773657769442003e-01
-9.572958834524005756e-01
-9.571140231270064413e-01
-9.569317848725714670e-01
-9.567491687610553130e-01
-9.565661748645660767e-01
-9.563828032553610692e-01
-9.561990540058474819e-01
-9.560149271885809430e-01
-9.558304228762659616e-01
-9.556455411417570378e-01
-9.554602820580569977e-01
-9.552746456983176593e-01
-9.550886321358398323e-01
-9.549022414440738737e-01
-9.547154736966183552e-01
-9.545283289672207294e-01
-9.543408073297781069e-01
-9.541529088583355911e-01
-9.539646336270869442e-01
-9.537759817103758087e-01
-9.535869531826935974e-01
-9.533975481186804934e-01
-9.532077665931258936e-01
-9.530176086809674096e-01
-9.528270744572914230e-01
-9.526361639973325302e-01
-9.524448773764747633e-01
-9.522532146702499256e-01
-9.520611759543382568e-01
-9.518687613045693219e-01
-9.516759707969203452e-01
-9.514828045075167662e-01
-9.512892625126335711e-01
-9.510953448886929618e-01
-9.509010517122656880e-01
-9.507063830600713805e-01
-9.505113390089773295e-01
-9.503159196359992622e-01
-9.501201250183006763e-01
-9.499239552331942837e-01
-9.497274103581400118e-01
-9.495304904707460025e-01
-9.493331956487690571e-01
-9.491355259701134139e-01
-9.489374815128313045e-01
-9.487390623551237301e-01
-9.485402685753387964e-01
-9.483411002519724908e-01
-9.481415574636697929e-01
-9.479416402892222315e-01
-9.477413488075696613e-01
-9.475406830978003736e-01
-9.473396432391495425e-01
-9.471382293110002237e-01
-9.469364413928833546e-01
-9.467342795644778652e-01
-9.465317439056099014e-01
-9.463288344962529353e-01
-9.461255514165290981e-01
-9.459218947467069594e-01
-9.457178645672027484e-01
-9.455134609585811312e-01
-9.453086840015532122e-01
-9.451035337769776445e-01
-9.448980103658611851e-01
-9.446921138493571402e-01
-9.444858443087664757e-01
-9.442792018255372621e-01
-9.440721864812654518e-01
-9.438647983576934353e-01
-9.436570375367109298e-01
-9.434489041003556453e-01
-9.432403981308115082e-01
-9.430315197104094382e-01
-9.428222689216284591e-01
-9.426126458470936997e-01
-9.424026505695772826e-01
-9.421922831719992120e-01
-9.419815437374255973e-01
-9.417704323490695417e-01
-9.415589490902909198e-01
-9.413470940445971546e-01
-9.411348672956418859e-01
-9.409222689272251916e-01
-9.407092990232950314e-01
-9.404959576679449151e-01
-9.402822449454153464e-01
-9.400681609400940442e-01
-9.398537057365147218e-01
-9.396388794193575311e-01
-9.394236820734499505e-01
-9.392081137837653415e-01
-9.389921746354231713e-01
-9.387758647136905665e-01
-9.385591841039800931e-01
-9.383421328918508664e-01
-9.381247111630079960e-01
-9.379069190033041403e-01
-9.376887564987369528e-01
-9.374702237354504142e-01
-9.372513207997358320e-01
-9.370320477780293977e-01
-9.368124047569138524e-01
-9.365923918231185974e-01
-9.363720090635182514e-01
-9.361512565651337603e-01
-9.359301344151325086e-01
-9.357086427008274310e-01
-9.354867815096772343e-01
-9.352645509292865089e-01
-9.350419510474065055e-01
-9.348189819519334698e-01
-9.345956437309091980e-01
-9.343719364725224796e-01
-9.341478602651067664e-01
-9.339234151971411713e-01
-9.336986013572513565e-01
-9.334734188342076466e-01
-9.332478677169261383e-01
-9.330219480944691446e-01
-9.327956600560437517e-01
-9.325690036910028180e-01
-9.323419790888441971e-01
-9.321145863392122921e-01
-9.318868255318955018e-01
-9.316586967568282196e-01
-9.314302001040903889e-01
-9.312013356639068373e-01
-9.309721035266473876e-01
-9.307425037828277459e-01
-9.305125365231082801e-01
-9.302822018382942426e-01
-9.300514998193368799e-01
-9.298204305573316564e-01
-9.295889941435189208e-01
-9.293571906692851270e-01
-9.291250202261603919e-01
-9.288924829058204935e-01
-9.286595788000854279e-01
-9.284263080009210745e-01
-9.281926706004371974e-01
-9.279586666908882231e-01
-9.277242963646743501e-01
-9.274895597143393289e-01
-9.272544568325719050e-01
-9.270189878122060412e-01
-9.267831527462193630e-01
-9.265469517277343803e-01
-9.263103848500185977e-01
-9.260734522064832941e-01
-9.258361538906844102e-01
-9.255984899963221046e-01
-9.253604606172415314e-01
-9.251220658474316183e-01
-9.248833057810250668e-01
-9.246441805123003510e-01
-9.244046901356787194e-01
-9.241648347457258605e-01
-9.239246144371524583e-01
-9.236840293048123041e-01
-9.234430794437032963e-01
-9.232017649489683286e-01
-9.229600859158931803e-01
-9.227180424399080705e-01
-9.224756346165866594e-01
-9.222328625416474912e-01
-9.219897263109521068e-01
-9.217462260205057101e-01
-9.215023617664580557e-01
-9.212581336451020064e-01
-9.210135417528737545e-01
-9.207685861863544874e-01
-9.205232670422676122e-01
-9.202775844174803099e-01
-9.200315384090044235e-01
-9.197851291139939045e-01
-9.195383566297463673e-01
-9.192912210537040885e-01
-9.190437224834511198e-01
-9.187958610167158424e-01
-9.185476367513690787e-01
-9.182990497854262024e-01
-9.180501002170445846e-01
-9.178007881445249261e-01
-9.175511136663122569e-01
-9.173010768809931603e-01
-9.170506778872978826e-01
-9.167999167841002217e-01
-9.165487936704163063e-01
-9.162973086454050398e-01
-9.160454618083690992e-01
-9.157932532587534924e-01
-9.155406830961457798e-01
-9.152877514202762965e-01
-9.150344583310192625e-01
-9.147808039283903403e-01
-9.145267883125480779e-01
-9.142724115837943533e-01
-9.140176738425730418e-01
-9.137625751894702386e-01
-9.135071157252155905e-01
-9.132512955506804087e-01
-9.129951147668782241e-01
-9.127385734749662305e-01
-9.124816717762426199e-01
-9.122244097721483591e-01
-9.119667875642665233e-01
-9.117088052543232957e-01
-9.114504629441859684e-01
-9.111917607358640536e-01
-9.109326987315102819e-01
-9.106732770334182714e-01
-9.104134957440237486e-01
-9.101533549659054367e-01
-9.098928548017830575e-01
-9.096319953545182191e-01
-9.093707767271151932e-01
-9.091091990227194719e-01
-9.088472623446179899e-01
-9.085849667962404563e-01
-9.083223124811575788e-01
-9.080592995030818404e-01
-9.077959279658668335e-01
-9.075321979735091471e-01
-9.072681096301457027e-01
-9.070036630400546418e-01
-9.067388583076572139e-01
-9.064736955375144456e-01
-9.062081748343290277e-01
-9.059422963029460929e-01
-9.056760600483509949e-01
-9.054094661756699747e-01
-9.051425147901720480e-01
-9.048752059972661188e-01
-9.046075399025024222e-01
-9.043395166115721917e-01
-9.040711362303087695e-01
-9.038023988646850526e-01
-9.035333046208153807e-01
-9.032638536049557576e-01
-9.029940459235020755e-01
-9.027238816829911139e-01
-9.024533609901016495e-01
-9.021824839516516814e-01
-9.019112506746003177e-01
-9.016396612660484422e-01
-9.013677158332361605e-01
-9.010954144835444657e-01
-9.008227573244957931e-01
-9.005497444637519111e-01
-9.002763760091156975e-01
-9.000026520685299181e-01
-8.997285727500786701e-01
-8.994541381619856057e-01
-8.991793484126141545e-01
-8.989042036104697431e-01
-8.986287038641962432e-01
-8.983528492825780809e-01
-8.980766399745409023e-01
-8.978000760491491317e-01
-8.975231576156073032e-01
-8.972458847832609496e-01
-8.969682576615947145e-01
-8.966902763602331294e-01
-8.964119409889403922e-01
-8.961332516576218099e-01
-8.958542084763209123e-01
-8.955748115552213395e-01
-8.952950610046473967e-01
-8.950149569350618339e-01
-8.947344994570670673e-01
-8.944536886814061782e-01
-8.941725247189604708e-01
-8.938910076807510263e-01
-8.936091376779392581e-01
-8.933269148218249134e-01
-8.930443392238471834e-01
-8.927614109955845922e-01
-8.924781302487556633e-01
-8.921944970952173648e-01
-8.919105116469653316e-01
-8.916261740161358640e-01
-8.913414843150030409e-01
-8.910564426559798301e-01
-8.907710491516195317e-01
-8.904853039146131133e-01
-8.901992070577904315e-01
-8.899127586941213419e-01
-8.896259589367134790e-01
-8.893388078988129219e-01
-8.890513056938059711e-01
-8.887634524352161502e-01
-8.884752482367060944e-01
-8.881866932120767721e-01
-8.878977874752684851e-01
-8.876085311403592026e-01
-8.873189243215652278e-01
-8.870289671332423076e-01
-8.867386596898835238e-01
-8.864480021061200699e-01
-8.861569944967228052e-01
-8.858656369765995908e-01
-8.855739296607961775e-01
-8.852818726644978709e-01
-8.849894661030269782e-01
-8.846967100918439186e-01
-8.844036047465467787e-01
-8.841101501828730891e-01
-8.838163465166966049e-01
-8.835221938640293038e-01
-8.832276923410219416e-01
-8.829328420639620534e-01
-8.826376431492745089e-01
-8.823420957135235110e-01
-8.820461998734092646e-01
-8.817499557457698645e-01
-8.814533634475819612e-01
-8.811564230959584298e-01
-8.808591348081501460e-01
-8.805614987015448758e-01
-8.802635148936689413e-01
-8.799651835021847779e-01
-8.796665046448920444e-01
-8.793674784397287336e-01
-8.790681050047690626e-01
-8.787683844582240278e-01
-8.784683169184429596e-01
-8.781679025039111908e-01
-8.778671413332508333e-01
-8.775660335252222222e-01
-8.772645791987213615e-01
-8.769627784727809239e-01
-8.766606314665718047e-01
-8.763581382994003466e-01
-8.760552990907097826e-01
-8.757521139600799032e-01
-8.754485830272280555e-01
-8.751447064120070340e-01
-8.748404842344060794e-01
-8.745359166145522112e-01
-8.742310036727075628e-01
-8.739257455292704924e-01
-8.736201423047770254e-01
-8.733141941198981906e-01
-8.730079010954413521e-01
-8.727012633523509866e-01
-8.723942810117067959e-01
-8.720869541947247061e-01
-8.717792830227563128e-01
-8.714712676172904349e-01
-8.711629080999505614e-01
-8.708542045924961839e-01
-8.705451572168236840e-01
-8.702357660949642248e-01
-8.699260313490841945e-01
-8.696159531014876487e-01
-8.693055314746124251e-01
-8.689947665910321417e-01
-8.686836585734571958e-01
-8.683722075447325439e-01
-8.680604136278383676e-01
-8.677482769458904066e-01
-8.674357976221406252e-01
-8.671229757799752136e-01
-8.668098115429155870e-01
-8.664963050346194962e-01
-8.661824563788789177e-01
-8.658682656996203875e-01
-8.655537331209073315e-01
-8.652388587669365139e-01
-8.649236427620398127e-01
-8.646080852306852194e-01
-8.642921862974743963e-01
-8.639759460871436758e-01
-8.636593647245656147e-01
-8.633424423347461074e-01
-8.630251790428259406e-01
-8.627075749740804600e-01
-8.623896302539205694e-01
-8.620713450078905105e-01
-8.617527193616689729e-01
-8.614337534410703157e-01
-8.611144473720420134e-01
-8.607948012806657667e-01
-8.604748152931589456e-01
-8.601544895358718135e-01
-8.598338241352886380e-01
-8.595128192180294668e-01
-8.591914749108466864e-01
-8.588697913406273532e-01
-8.585477686343920833e-01
-8.582254069192964963e-01
-8.579027063226289940e-01
-8.575796669718117604e-01
-8.572562889944019826e-01
-8.569325725180891862e-01
-8.566085176706966786e-01
-8.562841245801827705e-01
-8.559593933746376671e-01
-8.556343241822854662e-01
-8.553089171314848249e-01
-8.549831723507265169e-01
-8.546570899686353195e-01
-8.543306701139684600e-01
-8.540039129156181685e-01
-8.536768185026083477e-01
-8.533493870040960161e-01
-8.530216185493726400e-01
-8.526935132678615803e-01
-8.523650712891190917e-01
-8.520362927428355437e-01
-8.517071777588330894e-01
-8.513777264670666645e-01
-8.510479389976253195e-01
-8.507178154807295556e-01
-8.503873560467325454e-01
-8.500565608261213546e-01
-8.497254299495143881e-01
-8.493939635476630556e-01
-8.490621617514507724e-01
-8.487300246918946245e-01
-8.483975525001430373e-01
-8.480647453074764419e-01
-8.477316032453090511e-01
-8.473981264451858619e-01
-8.470643150387843212e-01
-8.467301691579148804e-01
-8.463956889345192192e-01
-8.460608745006706899e-01
-8.457257259885760936e-01
-8.453902435305726826e-01
-8.450544272591301587e-01
-8.447182773068495631e-01
-8.443817938064650530e-01
-8.440449768908410144e-01
-8.437078266929736170e-01
-8.433703433459920351e-01
-8.430325269831554502e-01
-8.426943777378546052e-01
-8.423558957436132477e-01
-8.420170811340847994e-01
-8.416779340430541323e-01
-8.413384546044391232e-01
-8.409986429522871010e-01
-8.406584992207770668e-01
-8.403180235442189172e-01
-8.399772160570547763e-01
-8.396360768938564423e-01
-8.392946061893268306e-01
-8.389528040783011953e-01
-8.386106706957437984e-01
-8.382682061767502413e-01
-8.379254106565481308e-01
-8.375822842704940818e-01
-8.372388271540757154e-01
-8.368950394429125472e-01
-8.365509212727533228e-01
-8.362064727794767949e-01
-8.358616940990941657e-01
-8.355165853677454235e-01
-8.351711467217011187e-01
-8.348253782973616977e-01
-8.344792802312596125e-01
-8.341328526600554349e-01
-8.337860957205402990e-01
-8.334390095496367890e-01
-8.330915942843958311e-01
-8.327438500619983586e-01
-8.323957770197569772e-01
-8.320473752951120794e-01
-8.316986450256343977e-01
-8.313495863490255600e-01
-8.310001994031155359e-01
-8.306504843258643023e-01
-8.303004412553609548e-01
-8.299500703298254844e-01
-8.295993716876062241e-01
-8.292483454671804033e-01
-8.288969918071563692e-01
-8.285453108462703664e-01
-8.281933027233875366e-01
-8.278409675775041388e-01
-8.274883055477435523e-01
-8.271353167733588307e-01
-8.267820013937329238e-01
-8.264283595483767897e-01
-8.260743913769303948e-01
-8.257200970191622691e-01
-8.253654766149712829e-01
-8.250105303043833160e-01
-8.246552582275531451e-01
-8.242996605247655539e-01
-8.239437373364325579e-01
-8.235874888030946250e-01
-8.232309150654220087e-01
-8.228740162642123046e-01
-8.225167925403908953e-01
-8.221592440350133923e-01
-8.218013708892619729e-01
-8.214431732444471557e-01
-8.210846512420089116e-01
-8.207258050235137770e-01
-8.203666347306570739e-01
-8.200071405052612450e-01
-8.196473224892784071e-01
-8.192871808247869092e-01
-8.189267156539928871e-01
-8.185659271192318176e-01
-8.182048153629651877e-01
-8.178433805277821600e-01
-8.174816227564012383e-01
-8.171195421916667145e-01
-8.167571389765501122e-01
-8.163944132541522958e-01
-8.160313651676998070e-01
-8.156679948605467523e-01
-8.153043024761743585e-01
-8.149402881581923053e-01
-8.145759520503358386e-01
-8.142112942964674360e-01
-8.138463150405780278e-01
-8.134810144267837773e-01
-8.131153925993281906e-01
-8.127494497025826714e-01
-8.123831858810441897e-01
-8.120166012793361698e-01
-8.116496960422106000e-01
-8.112824703145440353e-01
-8.109149242413405956e-01
-8.105470579677300780e-01
-8.101788716389703993e-01
-8.098103654004441543e-01
-8.094415393976602813e-01
-8.090723937762558382e-01
-8.087029286819922280e-01
-8.083331442607570860e-01
-8.079630406585655011e-01
-8.075926180215574623e-01
-8.072218764959985249e-01
-8.068508162282819196e-01
-8.064794373649252224e-01
-8.061077400525717973e-01
-8.057357244379920180e-01
-8.053633906680807142e-01
-8.049907388898589478e-01
-8.046177692504723478e-01
-8.042444818971941078e-01
-8.038708769774209895e-01
-8.034969546386754313e-01
-8.031227150286065486e-01
-8.027481582949872463e-01
-8.023732845857156626e-01
-8.019980940488166121e-01
-8.016225868324384773e-01
-8.012467630848547628e-01
-8.008706229544653166e-01
-8.004941665897936653e-01
-8.001173941394884581e-01
-7.997403057523226888e-01
-7.993629015771958057e-01
-7.989851817631301589e-01
-7.986071464592729985e-01
-7.982287958148973628e-01
-7.978501299793996360e-01
-7.974711491023004362e-01
-7.970918533332462808e-01
-7.967122428220066999e-01
-7.963323177184753465e-01
-7.959520781726715510e-01
-7.955715243347375454e-01
-7.951906563549399065e-01
-7.948094743836687792e-01
-7.944279785714400965e-01
-7.940461690688918051e-01
-7.936640460267858632e-01
-7.932816095960097957e-01
-7.928988599275730298e-01
-7.925157971726086714e-01
-7.921324214823752818e-01
-7.917487330082532138e-01
-7.913647319017462767e-01
-7.909804183144835132e-01
-7.905957923982156466e-01
-7.902108543048167455e-01
-7.898256041862857790e-01
-7.894400421947431745e-01
-7.890541684824331492e-01
-7.886679832017224889e-01
-7.882814865051027686e-01
-7.878946785451864665e-01
-7.875075594747094065e-01
-7.871201294465317577e-01
-7.867323886136347033e-01
-7.863443371291223283e-01
-7.859559751462228405e-01
-7.855673028182856843e-01
-7.851783202987825394e-01
-7.847890277413094307e-01
-7.843994252995831751e-01
-7.840095131274432694e-01
-7.836192913788511127e-01
-7.832287602078920052e-01
-7.828379197687719282e-01
-7.824467702158185434e-01
-7.820553117034836355e-01
-7.816635443863391153e-01
-7.812714684190790182e-01
-7.808790839565206143e-01
-7.804863911536017440e-01
-7.800933901653815949e-01
-7.797000811470429227e-01
-7.793064642538883868e-01
-7.789125396413427715e-01
-7.785183074649518753e-01
-7.781237678803845093e-01
-7.777289210434293887e-01
-7.773337671099961321e-01
-7.769383062361179260e-01
-7.765425385779468614e-01
-7.761464642917565993e-01
-7.757500835339432577e-01
-7.753533964610225260e-01
-7.749564032296308858e-01
-7.745591039965274982e-01
-7.741614989185905404e-01
-7.737635881528192039e-01
-7.733653718563346935e-01
-7.729668501863774521e-01
-7.725680233003091590e-01
-7.721688913556110645e-01
-7.717694545098868764e-01
-7.713697129208588743e-01
-7.709696667463697972e-01
-7.705693161443841754e-01
-7.701686612729851111e-01
-7.697677022903760546e-01
-7.693664393548818037e-01
-7.689648726249459498e-01
-7.685630022591316557e-01
-7.681608284161239864e-01
-7.677583512547259126e-01
-7.673555709338608644e-01
-7.669524876125713986e-01
-7.665491014500213085e-01
-7.661454126054924041e-01
-7.657414212383859553e-01
-7.653371275082243574e-01
-7.649325315746478005e-01
-7.645276335974156012e-01
-7.641224337364084240e-01
-7.637169321516239506e-01
-7.633111290031793228e-01
-7.629050244513123635e-01
-7.624986186563782464e-01
-7.620919117788516051e-01
-7.616849039793255338e-01
-7.612775954185133642e-01
-7.608699862572457784e-01
-7.604620766564720302e-01
-7.600538667772616108e-01
-7.596453567808012508e-01
-7.592365468283955865e-01
-7.588274370814699354e-01
-7.584180277015660776e-01
-7.580083188503440317e-01
-7.575983106895838315e-01
-7.571880033811820843e-01
-7.567773970871535250e-01
-7.563664919696324596e-01
-7.559552881908696564e-01
-7.555437859132343448e-01
-7.551319852992129933e-01
-7.547198865114115307e-01
-7.543074897125521261e-01
-7.538947950654745211e-01
-7.534818027331376955e-01
-7.530685128786165361e-01
-7.526549256651033915e-01
-7.522410412559098480e-01
-7.518268598144628445e-01
-7.514123815043068921e-01
-7.509976064891052960e-01
-7.505825349326369356e-01
-7.501671669987982627e-01
-7.497515028516019697e-01
-7.493355426551799869e-01
-7.489192865737788196e-01
-7.485027347717622126e-01
-7.480858874136121495e-01
-7.476687446639258550e-01
-7.472513066874169052e-01
-7.468335736489174481e-01
-7.464155457133742066e-01
-7.459972230458504772e-01
-7.455786058115274617e-01
-7.451596941757012704e-01
-7.447404883037845869e-01
-7.443209883613057798e-01
-7.439011945139110127e-01
-7.434811069273610240e-01
-7.430607257675320154e-01
-7.426400512004184273e-01
-7.422190833921284980e-01
-7.417978225088862620e-01
-7.413762687170333265e-01
-7.409544221830250965e-01
-7.405322830734327733e-01
-7.401098515549444645e-01
-7.396871277943624090e-01
-7.392641119586039755e-01
-7.388408042147037724e-01
-7.384172047298096508e-01
-7.379933136711855912e-01
-7.375691312062099270e-01
-7.371446575023777870e-01
-7.367198927272976539e-01
-7.362948370486929184e-01
-7.358694906344035447e-01
-7.354438536523825176e-01
-7.350179262706976191e-01
-7.345917086575330934e-01
-7.341652009811859836e-01
-7.337384034100677965e-01
-7.333113161127062796e-01
-7.328839392577420897e-01
-7.324562730139303479e-01
-7.320283175501403061e-01
-7.316000730353566794e-01
-7.311715396386772037e-01
-7.307427175293130794e-01
-7.303136068765916367e-01
-7.298842078499522268e-01
-7.294545206189482212e-01
-7.290245453532482323e-01
-7.285942822226331161e-01
-7.281637313969974157e-01
-7.277328930463509149e-01
-7.273017673408151973e-01
-7.268703544506259773e-01
-7.264386545461315459e-01
-7.260066677977956573e-01
-7.255743943761931991e-01
-7.251418344520125236e-01
-7.247089881960566693e-01
-7.242758557792402518e-01
-7.238424373725904637e-01
-7.234087331472496274e-01
-7.229747432744708657e-01
-7.225404679256203222e-01
-7.221059072721783823e-01
-7.216710614857363426e-01
-7.212359307379984097e-01
-7.208005152007826988e-01
-7.203648150460181254e-01
-7.199288304457468479e-01
-7.194925615721222689e-01
-7.190560085974121440e-01
-7.186191716939946961e-01
-7.181820510343598363e-01
-7.177446467911118289e-01
-7.173069591369648501e-01
-7.168689882447448758e-01
-7.164307342873917905e-01
-7.159921974379552800e-01
-7.155533778695969405e-01
-7.151142757555912777e-01
-7.146748912693232647e-01
-7.142352245842895631e-01
-7.137952758740976344e-01
-7.133550453124681834e-01
-7.129145330732316044e-01
-7.124737393303292032e-01
-7.120326642578154175e-01
-7.115913080298539306e-01
-7.111496708207194484e-01
-7.107077528047994752e-01
-7.102655541565903174e-01
-7.098230750506996367e-01
-7.093803156618471162e-01
-7.089372761648615739e-01
-7.084939567346824063e-01
-7.080503575463611421e-01
-7.076064787750584451e-01
-7.071623205960453351e-01
-7.067178831847031883e-01
-7.062731667165249583e-01
-7.058281713671124002e-01
-7.053828973121768486e-01
-7.049373447275421034e-01
-7.044915137891397672e-01
-7.040454046730113546e-01
-7.035990175553101800e-01
-7.031523526122974710e-01
-7.027054100203441456e-01
-7.022581899559324770e-01
-7.018106925956526521e-01
-7.013629181162048809e-01
-7.009148666943981754e-01
-7.004665385071527917e-01
-7.000179337314962336e-01
-6.995690525445655839e-01
-6.991198951236085035e-01
-6.986704616459802342e-01
-6.982207522891448193e-01
-6.977707672306771025e-01
-6.973205066482590642e-01
-6.968699707196812643e-01
-6.964191596228450631e-01
-6.959680735357585135e-01
-6.955167126365389141e-01
-6.950650771034112552e-01
-6.946131671147112163e-01
-6.941609828488806144e-01
-6.937085244844698462e-01
-6.932557922001391093e-01
-6.928027861746551830e-01
-6.923495065868928711e-01
-6.918959536158367785e-01
-6.914421274405775364e-01
-6.909880282403138008e-01
-6.905336561943539175e-01
-6.900790114821120369e-01
-6.896240942831098897e-01
-6.891689047769786747e-01
-6.887134431434556170e-01
-6.882577095623854113e-01
-6.878017042137198889e-01
-6.873454272775201268e-01
-6.868888789339524514e-01
-6.864320593632901035e-01
-6.859749687459157919e-01
-6.855176072623170302e-01
-6.850599750930883580e-01
-6.846020724189331164e-01
-6.841438994206596735e-01
-6.836854562791827572e-01
-6.832267431755262299e-01
-6.827677602908180932e-01
-6.823085078062939290e-01
-6.818489859032950129e-01
-6.813891947632706447e-01
-6.809291345677750407e-01
-6.804688054984682211e-01
-6.800082077371183420e-01
-6.795473414655980315e-01
-6.790862068658856110e-01
-6.786248041200675374e-01
-6.781631334103340736e-01
-6.777011949189811757e-01
-6.772389888284128245e-01
-6.767765153211363627e-01
-6.763137745797656031e-01
-6.758507667870190527e-01
-6.753874921257229103e-01
-6.749239507788064030e-01
-6.744601429293044514e-01
-6.739960687603587797e-01
-6.735317284552146955e-01
-6.730671221972223117e-01
-6.726022501698388778e-01
-6.721371125566244498e-01
-6.716717095412442218e-01
-6.712060413074699694e-01
-6.707401080391761639e-01
-6.702739099203420814e-01
-6.698074471350533576e-01
-6.693407198674985459e-01
-6.688737283019707824e-01
-6.684064726228673425e-01
-6.679389530146915277e-01
-6.674711696620488910e-01
-6.670031227496491244e-01
-6.665348124623081683e-01
-6.660662389849437703e-01
-6.655974025025775953e-01
-6.651283032003373341e-01
-6.646589412634521521e-01
-6.641893168772553535e-01
-6.637194302271853807e-01
-6.632492814987827057e-01
-6.627788708776916060e-01
-6.623081985496591662e-01
-6.618372647005379417e-01
-6.613660695162817404e-01
-6.608946131829473991e-01
-6.604228958866971144e-01
-6.599509178137937804e-01
-6.594786791506036527e-01
-6.590061800835975703e-01
-6.585334207993474021e-01
-6.580604014845277128e-01
-6.575871223259177611e-01
-6.571135835103971701e-01
-6.566397852249491462e-01
-6.561657276566584818e-01
-6.556914109927142187e-01
-6.552168354204059852e-01
-6.547420011271255502e-01
-6.542669083003687103e-01
-6.537915571277315152e-01
-6.533159477969119333e-01
-6.528400804957117387e-01
-6.523639554120329587e-01
-6.518875727338789838e-01
-6.514109326493571217e-01
-6.509340353466744888e-01
-6.504568810141393431e-01
-6.499794698401637483e-01
-6.495018020132592440e-01
-6.490238777220389554e-01
-6.485456971552172600e-01
-6.480672605016111198e-01
-6.475885679501368619e-01
-6.471096196898119546e-01
-6.466304159097567839e-01
-6.461509567991904346e-01
-6.456712425474330219e-01
-6.451912733439074676e-01
-6.447110493781350593e-01
-6.442305708397380037e-01
-6.437498379184408703e-01
-6.432688508040667053e-01
-6.427876096865395850e-01
-6.423061147558831729e-01
-6.418243662022233842e-01
-6.413423642157843885e-01
-6.408601089868901646e-01
-6.403776007059671649e-01
-6.398948395635390973e-01
-6.394118257502301450e-01
-6.389285594567657434e-01
-6.384450408739695826e-01
-6.379612701927642737e-01
-6.374772476041746794e-01
-6.369929732993226956e-01
-6.365084474694303607e-01
-6.360236703058184116e-01
-6.355386419999088377e-01
-6.350533627432207728e-01
-6.345678327273723829e-01
-6.340820521440828639e-01
-6.335960211851685564e-01
-6.331097400425443888e-01
-6.326232089082262089e-01
-6.321364279743265646e-01
-6.316493974330565919e-01
-6.311621174767280129e-01
-6.306745882977491391e-01
-6.301868100886265367e-01
-6.296987830419672472e-01
-6.292105073504744572e-01
-6.287219832069501635e-01
-6.282332108042939511e-01
-6.277441903355053254e-01
-6.272549219936797149e-01
-6.267654059720105808e-01
-6.262756424637910824e-01
-6.257856316624100801e-01
-6.252953737613541341e-01
-6.248048689542091694e-01
-6.243141174346570343e-01
-6.238231193964766108e-01
-6.233318750335463676e-01
-6.228403845398398087e-01
-6.223486481094283596e-01
-6.218566659364800353e-01
-6.213644382152618828e-01
-6.208719651401356510e-01
-6.203792469055601222e-01
-6.198862837060929998e-01
-6.193930757363865780e-01
-6.188996231911898516e-01
-6.184059262653504030e-01
-6.179119851538101837e-01
-6.174178000516077347e-01
-6.169233711538797404e-01
-6.164286986558574766e-01
-6.159337827528688081e-01
-6.154386236403369681e-01
-6.149432215137834445e-01
-6.144475765688237612e-01
-6.139516890011689210e-01
-6.134555590066281816e-01
-6.129591867811042816e-01
-6.124625725205954385e-01
-6.119657164211980138e-01
-6.114686186791011835e-01
-6.109712794905899358e-01
-6.104736990520465145e-01
-6.099758775599465332e-01
-6.094778152108605296e-01
-6.089795122014564077e-01
-6.084809687284948865e-01
-6.079821849888324969e-01
-6.074831611794198061e-01
-6.069838974973043033e-01
-6.064843941396260707e-01
-6.059846513036200033e-01
-6.054846691866174746e-01
-6.049844479860421176e-01
-6.044839878994123783e-01
-6.039832891243428481e-01
-6.034823518585401558e-01
-6.029811762998054103e-01
-6.024797626460356437e-01
-6.019781110952201475e-01
-6.014762218454423603e-01
-6.009740950948792015e-01
-6.004717310418036247e-01
-5.999691298845797327e-01
-5.994662918216655534e-01
-5.989632170516147047e-01
-5.984599057730721761e-01
-5.979563581847764375e-01
-5.974525744855611054e-01
-5.969485548743511671e-01
-5.964442995501645362e-01
-5.959398087121147158e-01
-5.954350825594056928e-01
-5.949301212913352677e-01
-5.944249251072931672e-01
-5.939194942067643757e-01
-5.934138287893240271e-01
-5.929079290546401815e-01
-5.924017952024753786e-01
-5.918954274326824194e-01
-5.913888259452065865e-01
-5.908819909400876424e-01
-5.903749226174552778e-01
-5.898676211775313316e-01
-5.893600868206319010e-01
-5.888523197471627890e-01
-5.883443201576219472e-01
-5.878360882526010300e-01
-5.873276242327812868e-01
-5.868189282989365596e-01
-5.863100006519313956e-01
-5.858008414927238228e-01
-5.852914510223614641e-01
-5.847818294419829810e-01
-5.842719769528207374e-01
-5.837618937561958044e-01
-5.832515800535207351e-01
-5.827410360463007866e-01
-5.822302619361303666e-01
-5.817192579246946993e-01
-5.812080242137717123e-01
-5.806965610052280402e-01
-5.801848685010217999e-01
-5.796729469032005921e-01
-5.791607964139049436e-01
-5.786484172353635325e-01
-5.781358095698950761e-01
-5.776229736199111064e-01
-5.771099095879107521e-01
-5.765966176764835138e-01
-5.760830980883107078e-01
-5.755693510261616908e-01
-5.750553766928954147e-01
-5.745411752914629799e-01
-5.740267470249027504e-01
-5.735120920963434621e-01
-5.729972107090026689e-01
-5.724821030661895183e-01
-5.719667693713003098e-01
-5.714512098278206054e-01
-5.709354246393272270e-01
-5.704194140094840382e-01
-5.699031781420439424e-01
-5.693867172408508814e-01
-5.688700315098355054e-01
-5.683531211530171712e-01
-5.678359863745061631e-01
-5.673186273784993627e-01
-5.668010443692819145e-01
-5.662832375512297789e-01
-5.657652071288049589e-01
-5.652469533065586083e-01
-5.647284762891293664e-01
-5.642097762812461337e-01
-5.636908534877237420e-01
-5.631717081134648417e-01
-5.626523403634622333e-01
-5.621327504427945376e-01
-5.616129385566277499e-01
-5.610929049102180155e-01
-5.605726497089066340e-01
-5.600521731581225016e-01
-5.595314754633841092e-01
-5.590105568302948802e-01
-5.584894174645466114e-01
-5.579680575719172531e-01
-5.574464773582739063e-01
-5.569246770295687154e-01
-5.564026567918407551e-01
-5.558804168512179178e-01
-5.553579574139129171e-01
-5.548352786862247310e-01
-5.543123808745415992e-01
-5.537892641853359166e-01
-5.532659288251662311e-01
-5.527423750006799086e-01
-5.522186029186083589e-01
-5.516946127857699222e-01
-5.511704048090680930e-01
-5.506459791954949612e-01
-5.501213361521258838e-01
-5.495964758861224819e-01
-5.490713986047341955e-01
-5.485461045152939530e-01
-5.480205938252201703e-01
-5.474948667420191928e-01
-5.469689234732805216e-01
-5.464427642266791452e-01
-5.459163892099772042e-01
-5.453897986310201063e-01
-5.448629926977385241e-01
-5.443359716181499497e-01
-5.438087356003548090e-01
-5.432812848525393479e-01
-5.427536195829736343e-01
-5.422257400000146665e-01
-5.416976463121018215e-01
-5.411693387277592970e-01
-5.406408174555974444e-01
-5.401120827043094375e-01
-5.395831346826721608e-01
-5.390539735995492077e-01
-5.385245996638861055e-01
-5.379950130847123146e-01
-5.374652140711435599e-01
-5.369352028323771675e-01
-5.364049795776950624e-01
-5.358745445164619925e-01
-5.353438978581289698e-01
-5.348130398122277196e-01
-5.342819705883741221e-01
-5.337506903962689897e-01
-5.332191994456947359e-01
-5.326874979465167081e-01
-5.321555861086858519e-01
-5.316234641422336038e-01
-5.310911322572746673e-01
-5.305585906640087890e-01
-5.300258395727162064e-01
-5.294928791937607571e-01
-5.289597097375879908e-01
-5.284263314147285007e-01
-5.278927444357928156e-01
-5.273589490114741762e-01
-5.268249453525500892e-01
-5.262907336698782190e-01
-5.257563141743982760e-01
-5.252216870771343471e-01
-5.246868525891902335e-01
-5.241518109217515597e-01
-5.236165622860879942e-01
-5.230811068935489194e-01
-5.225454449555650971e-01
-5.220095766836511109e-01
-5.214735022894009253e-01
-5.209372219844904395e-01
-5.204007359806762656e-01
-5.198640444897986157e-01
-5.193271477237761946e-01
-5.187900458946090865e-01
-5.182527392143805312e-01
-5.177152278952522613e-01
-5.171775121494670557e-01
-5.166395921893505161e-01
-5.161014682273066256e-01
-5.155631404758199698e-01
-5.150246091474577348e-01
-5.144858744548654883e-01
-5.139469366107696224e-01
-5.134077958279760212e-01
-5.128684523193730582e-01
-5.123289062979268227e-01
-5.117891579766834509e-01
-5.112492075687712356e-01
-5.107090552873956302e-01
-5.101687013458424680e-01
-5.096281459574788508e-01
-5.090873893357494850e-01
-5.085464316941785690e-01
-5.080052732463716803e-01
-5.074639142060116681e-01
-5.069223547868613178e-01
-5.063805952027615742e-01
-5.058386356676349838e-01
-5.052964763954804761e-01
-5.047541176003761398e-01
-5.042115594964808878e-01
-5.036688022980303492e-01
-5.031258462193382019e-01
-5.025826914747997254e-01
-5.020393382788855829e-01
-5.014957868461453749e-01
-5.009520373912090818e-01
-5.004080901287822902e-01
-4.998639452736492461e-01
-4.993196030406740205e-01
-4.987750636447966235e-01
-4.982303273010356137e-01
-4.976853942244864326e-01
-4.971402646303246242e-01
-4.965949387338010612e-01
-4.960494167502439988e-01
-4.955036988950615173e-01
-4.949577853837366925e-01
-4.944116764318298718e-01
-4.938653722549809499e-01
-4.933188730689044288e-01
-4.927721790893920262e-01
-4.922252905323145078e-01
-4.916782076136172464e-01
-4.911309305493231081e-01
-4.905834595555308986e-01
-4.900357948484182491e-01
-4.894879366442369539e-01
-4.889398851593153017e-01
-4.883916406100601293e-01
-4.878432032129522700e-01
-4.872945731845486073e-01
-4.867457507414844065e-01
-4.861967361004688182e-01
-4.856475294782865437e-01
-4.850981310918006106e-01
-4.845485411579474877e-01
-4.839987598937399160e-01
-4.834487875162654658e-01
-4.828986242426895337e-01
-4.823482702902505692e-01
-4.817977258762621839e-01
-4.812469912181156495e-01
-4.806960665332750682e-01
-4.801449520392794823e-01
-4.795936479537452057e-01
-4.790421544943611609e-01
-4.784904718788909328e-01
-4.779386003251752668e-01
-4.773865400511271284e-01
-4.768342912747339790e-01
-4.762818542140599964e-01
-4.757292290872414675e-01
-4.751764161124897301e-01
-4.746234155080893968e-01
-4.740702274924015747e-01
-4.735168522838590910e-01
-4.729632901009686030e-01
-4.724095411623129848e-01
-4.718556056865464976e-01
-4.713014838923970107e-01
-4.707471759986683879e-01
-4.701926822242356030e-01
-4.696380027880470154e-01
-4.690831379091267017e-01
-4.685280878065694599e-01
-4.679728526995441396e-01
-4.674174328072918660e-01
-4.668618283491290377e-01
-4.663060395444426076e-01
-4.657500666126922484e-01
-4.651939097734127948e-01
-4.646375692462092477e-01
-4.640810452507592165e-01
-4.635243380068150287e-01
-4.629674477341991223e-01
-4.624103746528061554e-01
-4.618531189826052819e-01
-4.612956809436354333e-01
-4.607380607560075392e-01
-4.601802586399069139e-01
-4.596222748155881499e-01
-4.590641095033785590e-01
-4.585057629236762300e-01
-4.579472352969532478e-01
-4.573885268437507534e-01
-4.568296377846813305e-01
-4.562705683404312818e-01
-4.557113187317556879e-01
-4.551518891794807953e-01
-4.545922799045063467e-01
-4.540324911278005859e-01
-4.534725230704026999e-01
-4.529123759534249838e-01
-4.523520499980481224e-01
-4.517915454255241325e-01
-4.512308624571748084e-01
-4.506700013143948302e-01
-4.501089622186467132e-01
-4.495477453914633603e-01
-4.489863510544502279e-01
-4.484247794292804401e-01
-4.478630307376970654e-01
-4.473011052015155586e-01
-4.467390030426188763e-01
-4.461767244829595858e-01
-4.456142697445623080e-01
-4.450516390495189989e-01
-4.444888326199916695e-01
-4.439258506782111091e-01
-4.433626934464796610e-01
-4.427993611471665591e-01
-4.422358540027102602e-01
-4.416721722356204416e-01
-4.411083160684735049e-01
-4.405442857239146304e-01
-4.399800814246602743e-01
-4.394157033934930068e-01
-4.388511518532642319e-01
-4.382864270268960194e-01
-4.377215291373766637e-01
-4.371564584077626825e-01
-4.365912150611812592e-01
-4.360257993208254135e-01
-4.354602114099568877e-01
-4.348944515519047593e-01
-4.343285199700683274e-01
-4.337624168879122832e-01
-4.331961425289690970e-01
-4.326296971168411831e-01
-4.320630808751962371e-01
-4.314962940277692338e-01
-4.309293367983650369e-01
-4.303622094108534024e-01
-4.297949120891711439e-01
-4.292274450573246858e-01
-4.286598085393850677e-01
-4.280920027594909971e-01
-4.275240279418472955e-01
-4.269558843107277846e-01
-4.263875720904706790e-01
-4.258190915054806958e-01
-4.252504427802315523e-01
-4.246816261392608038e-01
-4.241126418071723414e-01
-4.235434900086387233e-01
-4.229741709683961792e-01
-4.224046849112471080e-01
-4.218350320620620764e-01
-4.212652126457752111e-01
-4.206952268873871970e-01
-4.201250750119636113e-01
-4.195547572446379214e-01
-4.189842738106069331e-01
-4.184136249351325665e-01
-4.178428108435447430e-01
-4.172718317612360561e-01
-4.167006879136642694e-01
-4.161293795263547035e-01
-4.155579068248951291e-01
-4.149862700349382094e-01
-4.144144693822038872e-01
-4.138425050924743887e-01
-4.132703773915964440e-01
-4.126980865054838410e-01
-4.121256326601123732e-01
-4.115530160815228933e-01
-4.109802369958198143e-01
-4.104072956291740515e-01
-4.098341922078183042e-01
-4.092609269580491094e-01
-4.086875001062293955e-01
-4.081139118787834863e-01
-4.075401625021994323e-01
-4.069662522030312868e-01
-4.063921812078943319e-01
-4.058179497434671879e-01
-4.052435580364942558e-01
-4.046690063137808879e-01
-4.040942948021964409e-01
-4.035194237286723884e-01
-4.029443933202057626e-01
-4.023692038038540475e-01
-4.017938554067376211e-01
-4.012183483560419761e-01
-4.006426828790127792e-01
-4.000668592029583137e-01
-3.994908775552517000e-01
-3.989147381633261213e-01
-3.983384412546768782e-01
-3.977619870568640525e-01
-3.971853757975074006e-01
-3.966086077042892954e-01
-3.960316830049535053e-01
-3.954546019273079138e-01
-3.948773646992197461e-01
-3.942999715486179002e-01
-3.937224227034952784e-01
-3.931447183919037358e-01
-3.925668588419566896e-01
-3.919888442818311725e-01
-3.914106749397629481e-01
-3.908323510440490645e-01
-3.902538728230498521e-01
-3.896752405051842616e-01
-3.890964543189320279e-01
-3.885175144928361135e-01
-3.879384212554976563e-01
-3.873591748355793007e-01
-3.867797754618032546e-01
-3.862002233629545644e-01
-3.856205187678762303e-01
-3.850406619054713708e-01
-3.844606530047057213e-01
-3.838804922946026377e-01
-3.833001800042453167e-01
-3.827197163627792942e-01
-3.821391015994075602e-01
-3.815583359433925570e-01
-3.809774196240588995e-01
-3.803963528707882125e-01
-3.798151359130223503e-01
-3.792337689802616207e-01
-3.786522523020680042e-01
-3.780705861080602692e-01
-3.774887706279160260e-01
-3.769068060913744467e-01
-3.763246927282310472e-01
-3.757424307683400744e-01
-3.751600204416170037e-01
-3.745774619780333770e-01
-3.739947556076191892e-01
-3.734119015604653868e-01
-3.728289000667187603e-01
-3.722457513565849974e-01
-3.716624556603272400e-01
-3.710790132082691373e-01
-3.704954242307897938e-01
-3.699116889583261014e-01
-3.693278076213752370e-01
-3.687437804504896666e-01
-3.681596076762793102e-01
-3.675752895294140954e-01
-3.669908262406189059e-01
-3.664062180406759128e-01
-3.658214651604270173e-01
-3.652365678307687435e-01
-3.646515262826546810e-01
-3.640663407470977608e-01
-3.634810114551653148e-01
-3.628955386379824621e-01
-3.623099225267298329e-01
-3.617241633526473987e-01
-3.611382613470289771e-01
-3.605522167412248957e-01
-3.599660297666441577e-01
-3.593797006547495565e-01
-3.587932296370601182e-01
-3.582066169451531557e-01
-3.576198628106596611e-01
-3.570329674652663043e-01
-3.564459311407181530e-01
-3.558587540688132878e-01
-3.552714364814064107e-01
-3.546839786104066250e-01
-3.540963806877810982e-01
-3.535086429455497892e-01
-3.529207656157877793e-01
-3.523327489306278260e-01
-3.517445931222552558e-01
-3.511562984229101847e-01
-3.505678650648902939e-01
-3.499792932805452783e-01
-3.493905833022796226e-01
-3.488017353625549322e-01
-3.482127496938846045e-01
-3.476236265288374927e-01
-3.470343661000356850e-01
-3.464449686401580575e-01
-3.458554343819351673e-01
-3.452657635581515283e-01
-3.446759564016479982e-01
-3.440860131453169490e-01
-3.434959340221042656e-01
-3.429057192650122321e-01
-3.423153691070939253e-01
-3.417248837814561568e-01
-3.411342635212614161e-01
-3.405435085597230405e-01
-3.399526191301075473e-01
-3.393615954657370204e-01
-3.387704377999841698e-01
-3.381791463662752739e-01
-3.375877213980887359e-01
-3.369961631289581372e-01
-3.364044717924671857e-01
-3.358126476222521584e-01
-3.352206908520042328e-01
-3.346286017154644910e-01
-3.340363804464262509e-01
-3.334440272787375648e-01
-3.328515424462960004e-01
-3.322589261830511953e-01
-3.316661787230070768e-01
-3.310733003002169217e-01
-3.304802911487865758e-01
-3.298871515028726220e-01
-3.292938815966858224e-01
-3.287004816644856220e-01
-3.281069519405829804e-01
-3.275132926593426475e-01
-3.269195040551778342e-01
-3.263255863625529885e-01
-3.257315398159860154e-01
-3.251373646500431147e-01
-3.245430610993413345e-01
-3.239486293985509024e-01
-3.233540697823901744e-01
-3.227593824856287430e-01
-3.221645677430859389e-01
-3.215696257896338284e-01
-3.209745568601922172e-01
-3.203793611897309823e-01
-3.197840390132727362e-01
-3.191885905658873313e-01
-3.185930160826946356e-01
-3.179973157988666976e-01
-3.174014899496227504e-01
-3.168055387702316539e-01
-3.162094624960141709e-01
-3.156132613623380823e-01
-3.150169356046202962e-01
-3.144204854583296793e-01
-3.138239111589814501e-01
-3.132272129421408424e-01
-3.126303910434211630e-01
-3.120334456984870664e-01
-3.114363771430493921e-01
-3.108391856128676078e-01
-3.102418713437524178e-01
-3.096444345715603230e-01
-3.090468755321961747e-01
-3.084491944616157832e-01
-3.078513915958204783e-01
-3.072534671708597731e-01
-3.066554214228335851e-01
-3.060572545878873507e-01
-3.054589669022150789e-01
-3.048605586020576852e-01
-3.042620299237062120e-01
-3.036633811034967212e-01
-3.030646123778127365e-01
-3.024657239830876310e-01
-3.018667161557995748e-01
-3.012675891324737010e-01
-3.006683431496849357e-01
-3.000689784440526142e-01
-2.994694952522428677e-01
-2.988698938109712322e-01
-2.982701743569973196e-01
-2.976703371271283149e-01
-2.970703823582168668e-01
-2.964703102871647511e-01
-2.958701211509174311e-01
-2.952698151864666665e-01
-2.946693926308528444e-01
-2.940688537211597620e-01
-2.934681986945173460e-01
-2.928674277881037624e-01
-2.922665412391404760e-01
-2.916655392848945816e-01
-2.910644221626812467e-01
-2.904631901098586599e-01
-2.898618433638303071e-01
-2.892603821620475801e-01
-2.886588067420044479e-01
-2.880571173412408981e-01
-2.874553141973410497e-01
-2.868533975479364284e-01
-2.862513676307009147e-01
-2.856492246833530202e-01
-2.850469689436586074e-01
-2.844446006494252832e-01
-2.838421200385053411e-01
-2.832395273487978149e-01
-2.826368228182434827e-01
-2.820340066848272542e-01
-2.814310791865807793e-01
-2.808280405615770081e-01
-2.802248910479336885e-01
-2.796216308838114228e-01
-2.790182603074171652e-01
-2.784147795569987816e-01
-2.778111888708477695e-01
-2.772074884873015899e-01
-2.766036786447383378e-01
-2.759997595815794624e-01
-2.753957315362919878e-01
-2.747915947473835163e-01
-2.741873494534045053e-01
-2.735829958929508199e-01
-2.729785343046586266e-01
-2.723739649272075014e-01
-2.717692879993187094e-01
-2.711645037597585906e-01
-2.705596124473333419e-01
-2.699546143008912935e-01
-2.693495095593257393e-01
-2.687442984615692754e-01
-2.681389812465966305e-01
-2.675335581534269425e-01
-2.669280294211186511e-01
-2.663223952887718848e-01
-2.657166559955309038e-01
-2.651108117805789921e-01
-2.645048628831407900e-01
-2.638988095424849578e-01
-2.632926519979187363e-01
-2.626863904887913881e-01
-2.620800252544923659e-01
-2.614735565344546431e-01
-2.608669845681495514e-01
-2.602603095950891121e-01
-2.596535318548285898e-01
-2.590466515869613295e-01
-2.584396690311211442e-01
-2.578325844269847011e-01
-2.572253980142664709e-01
-2.566181100327212250e-01
-2.560107207221462011e-01
-2.554032303223762734e-01
-2.547956390732869503e-01
-2.541879472147927643e-01
-2.535801549868505478e-01
-2.529722626294542143e-01
-2.523642703826371458e-01
-2.517561784864748020e-01
-2.511479871810793907e-01
-2.505396967066023661e-01
-2.499313073032369270e-01
-2.493228192112127706e-01
-2.487142326707985629e-01
-2.481055479223043814e-01
-2.474967652060765799e-01
-2.468878847625009532e-01
-2.462789068320010988e-01
-2.456698316550416650e-01
-2.450606594721231601e-01
-2.444513905237843121e-01
-2.438420250506047049e-01
-2.432325632931994497e-01
-2.426230054922216273e-01
-2.420133518883649248e-01
-2.414036027223581404e-01
-2.407937582349679306e-01
-2.401838186670011144e-01
-2.395737842592994549e-01
-2.389636552527422131e-01
-2.383534318882485348e-01
-2.377431144067722879e-01
-2.371327030493053378e-01
-2.365221980568757432e-01
-2.359115996705511975e-01
-2.353009081314335893e-01
-2.346901236806616109e-01
-2.340792465594132843e-01
-2.334682770089006043e-01
-2.328572152703720088e-01
-2.322460615851150434e-01
-2.316348161944508377e-01
-2.310234793397368536e-01
-2.304120512623691608e-01
-2.298005322037773301e-01
-2.291889224054276808e-01
-2.285772221088215039e-01
-2.279654315554984212e-01
-2.273535509870311111e-01
-2.267415806450277793e-01
-2.261295207711346844e-01
-2.255173716070308643e-01
-2.249051333944305509e-01
-2.242928063750857792e-01
-2.236803907907810585e-01
-2.230678868833358697e-01
-2.224552948946071362e-01
-2.218426150664839780e-01
-2.212298476408910974e-01
-2.206169928597868923e-01
-2.200040509651668141e-01
-2.193910221990582055e-01
-2.187779068035226038e-01
-2.181647050206584615e-01
-2.175514170925956503e-01
-2.169380432614980980e-01
-2.163245837695662588e-01
-2.157110388590318117e-01
-2.150974087721601313e-01
-2.144836937512528963e-01
-2.138698940386425940e-01
-2.132560098766953238e-01
-2.126420415078129622e-01
-2.120279891744281942e-01
-2.114138531190075665e-01
-2.107996335840499613e-01
-2.101853308120897323e-01
-2.095709450456915424e-01
-2.089564765274528058e-01
-2.083419255000062142e-01
-2.077272922060144356e-01
-2.071125768881726670e-01
-2.064977797892110223e-01
-2.058829011518893415e-01
-2.052679412189996888e-01
-2.046529002333687952e-01
-2.040377784378527848e-01
-2.034225760753405887e-01
-2.028072933887520857e-01
-2.021919306210414324e-01
-2.015764880151918459e-01
-2.009609658142180455e-01
-2.003453642611688068e-01
-1.997296835991216046e-01
-1.991139240711851666e-01
-1.984980859205019710e-01
-1.978821693902429457e-01
-1.972661747236099106e-01
-1.966501021638381863e-01
-1.960339519541912934e-01
-1.954177243379641993e-01
-1.948014195584816255e-01
-1.941850378591013226e-01
-1.935685794832088247e-01
-1.929520446742199469e-01
-1.923354336755833116e-01
-1.917187467307750193e-01
-1.911019840833010908e-01
-1.904851459767001043e-01
-1.898682326545378385e-01
-1.892512443604097427e-01
-1.886341813379434906e-01
-1.880170438307936509e-01
-1.873998320826441855e-01
-1.867825463372110029e-01
-1.861651868382366293e-01
-1.855477538294935391e-01
-1.849302475547824343e-01
-1.843126682579355191e-01
-1.836950161828111716e-01
-1.830772915732965800e-01
-1.824594946733101575e-01
-1.818416257267962688e-01
-1.812236849777277004e-01
-1.806056726701081860e-01
-1.799875890479671614e-01
-1.793694343553621784e-01
-1.787512088363814866e-01
-1.781329127351386765e-01
-1.775145462957760933e-01
-1.768961097624629220e-01
-1.762776033793987673e-01
-1.756590273908080757e-01
-1.750403820409428268e-01
-1.744216675740850320e-01
-1.738028842345413216e-01
-1.731840322666455823e-01
-1.725651119147613710e-01
-1.719461234232766145e-01
-1.713270670366062176e-01
-1.707079429991944786e-01
-1.700887515555097318e-01
-1.694694929500469849e-01
-1.688501674273304165e-01
-1.682307752319079364e-01
-1.676113166083547101e-01
-1.669917918012711888e-01
-1.663722010552866892e-01
-1.657525446150538428e-01
-1.651328227252512326e-01
-1.645130356305860020e-01
-1.638931835757882760e-01
-1.632732668056139647e-01
-1.626532855648470666e-01
-1.620332400982944510e-01
-1.614131306507883001e-01
-1.607929574671887740e-01
-1.601727207923785146e-01
-1.595524208712660874e-01
-1.589320579487842056e-01
-1.583116322698930878e-01
-1.576911440795750186e-01
-1.570705936228371236e-01
-1.564499811447135624e-01
-1.558293068902605050e-01
-1.552085711045584349e-01
-1.545877740327147865e-01
-1.539669159198585602e-01
-1.533459970111428483e-01
-1.527250175517474162e-01
-1.521039777868732346e-01
-1.514828779617460319e-01
-1.508617183216143798e-01
-1.502404991117530231e-01
-1.496192205774576900e-01
-1.489978829640474789e-01
-1.483764865168674396e-01
-1.477550314812832721e-01
-1.471335181026837691e-01
-1.465119466264833969e-01
-1.458903172981169671e-01
-1.452686303630420506e-01
-1.446468860667416978e-01
-1.440250846547189156e-01
-1.434032263724992762e-01
-1.427813114656334426e-01
-1.421593401796918399e-01
-1.415373127602679582e-01
-1.409152294529766036e-01
-1.402930905034573406e-01
-1.396708961573689955e-01
-1.390486466603922944e-01
-1.384263422582323877e-01
-1.378039831966134665e-01
-1.371815697212812879e-01
-1.365591020780057840e-01
-1.359365805125755389e-01
-1.353140052708005359e-01
-1.346913765985144895e-01
-1.340686947415696828e-01
-1.334459599458402146e-01
-1.328231724572201955e-01
-1.322003325216272174e-01
-1.315774403849969132e-01
-1.309544962932855661e-01
-1.303315004924725795e-01
-1.297084532285551484e-01
-1.290853547475507568e-01
-1.284622052954998428e-01
-1.278390051184602194e-01
-1.272157544625097947e-01
-1.265924535737490420e-01
-1.259691026982956152e-01
-1.253457020822877910e-01
-1.247222519718826361e-01
-1.240987526132593249e-01
-1.234752042526139348e-01
-1.228516071361618056e-01
-1.222279615101402317e-01
-1.216042676208029943e-01
-1.209805257144229151e-01
-1.203567360372944789e-01
-1.197328988357283103e-01
-1.191090143560538522e-01
-1.184850828446218640e-01
-1.178611045477989810e-01
-1.172370797119703795e-01
-1.166130085835422048e-01
-1.159888914089362705e-01
-1.153647284345934165e-01
-1.147405199069717191e-01
-1.141162660725498768e-01
-1.134919671778218397e-01
-1.128676234692993358e-01
-1.122432351935144373e-01
-1.116188025970141634e-01
-1.109943259263630605e-01
-1.103698054281457008e-01
-1.097452413489613254e-01
-1.091206339354263699e-01
-1.084959834341770596e-01
-1.078712900918639278e-01
-1.072465541551553825e-01
-1.066217758707357077e-01
-1.059969554853085888e-01
-1.053720932455916581e-01
-1.047471893983191321e-01
-1.041222441902442258e-01
-1.034972578681338934e-01
-1.028722306787713259e-01
-1.022471628689584633e-01
-1.016220546855106516e-01
-1.009969063752591961e-01
-1.003717181850538737e-01
-9.974649036175757544e-02
-9.912122315224970726e-02
-9.849591680342437150e-02
-9.787057156219373943e-02
-9.724518767548272213e-02
-9.661976539023146848e-02
-9.599430495339794644e-02
-9.536880661195254461e-02
-9.474327061288059793e-02
-9.411769720318501065e-02
-9.349208662988074681e-02
-9.286643913999748090e-02
-9.224075498058209588e-02
-9.161503439869334020e-02
-9.098927764140429808e-02
-9.036348495580501239e-02
-8.973765658899707232e-02
-8.911179278809701343e-02
-8.848589380023449968e-02
-8.785995987255572348e-02
-8.723399125221804884e-02
-8.660798818639249552e-02
-8.598195092226638969e-02
-8.535587970703786831e-02
-8.472977478791848815e-02
-8.410363641213576547e-02
-8.347746482692779135e-02
-8.285126027954572980e-02
-8.222502301725645446e-02
-8.159875328733708078e-02
-8.097245133707844933e-02
-8.034611741378319683e-02
-7.971975176476929492e-02
-7.909335463736455463e-02
-7.846692627890920757e-02
-7.784046693675851503e-02
-7.721397685827725843e-02
-7.658745629084240392e-02
-7.596090548184558644e-02
-7.533432467868775295e-02
-7.470771412878166040e-02
-7.408107407955448476e-02
-7.345440477844239480e-02
-7.282770647289399379e-02
-7.220097941036845990e-02
-7.157422383833896007e-02
-7.094744000428729325e-02
-7.032062815570638836e-02
-6.969378854010291335e-02
-6.906692140499182120e-02
-6.844002699789897282e-02
-6.781310556636360731e-02
-6.718615735793299903e-02
-6.655918262016501108e-02
-6.593218160063062105e-02
-6.530515454690850874e-02
-6.467810170658766511e-02
-6.405102332726993197e-02
-6.342391965656452024e-02
-6.279679094209157653e-02
-6.216963743148019861e-02
-6.154245937237198122e-02
-6.091525701241552043e-02
-6.028803059926902269e-02
-5.966078038060284444e-02
-5.903350660409407979e-02
-5.840620951742912792e-02
-5.777888936830626737e-02
-5.715154640443020212e-02
-5.652418087351465670e-02
-5.589679302328491584e-02
-5.526938310147242600e-02
-5.464195135581823709e-02
-5.401449803407112893e-02
-5.338702338399105296e-02
-5.275952765334372685e-02
-5.213201108990320187e-02
-5.150447394145439561e-02
-5.087691645578771432e-02
-5.024933888070157867e-02
-4.962174146400501196e-02
-4.899412445351221390e-02
-4.836648809704510721e-02
-4.773883264243592578e-02
-4.711115833752178156e-02
-4.648346543014812010e-02
-4.585575416816683320e-02
-4.522802479943974219e-02
-4.460027757183313013e-02
-4.397251273322035775e-02
-4.334473053148438226e-02
-4.271693121451236586e-02
-4.208911503019822226e-02
-4.146128222644519107e-02
-4.083343305116041849e-02
-4.020556775225750390e-02
-3.957768657765908110e-02
-3.894978977529139214e-02
-3.832187759308684077e-02
-3.769395027898658074e-02
-3.706600808093506866e-02
-3.643805124688351965e-02
-3.581008002478805463e-02
-3.518209466261312812e-02
-3.455409540832612286e-02
-3.392608250989991026e-02
-3.329805621531539001e-02
-3.267001677255611247e-02
-3.204196442961081831e-02
-3.141389943447598504e-02
-3.078582203515043900e-02
-3.015773247963790538e-02
-2.952963101594956868e-02
-2.890151789209864652e-02
-2.827339335610386251e-02
-2.764525765598754153e-02
-2.701711103977909312e-02
-2.638895375550957129e-02
-2.576078605121423851e-02
-2.513260817493513655e-02
-2.450442037471566026e-02
-2.387622289860312844e-02
-2.324801599465133733e-02
-2.261979991091514139e-02
-2.199157489545302754e-02
-2.136334119632966530e-02
-2.073509906161049438e-02
-2.010684873936517333e-02
-1.947859047766569915e-02
-1.885032452458987665e-02
-1.822205112821587841e-02
-1.759377053662481566e-02
-1.696548299790330908e-02
-1.633718876013805568e-02
-1.570888807141839275e-02
-1.508058117983888079e-02
-1.445226833349385655e-02
-1.382394978048000905e-02
-1.319562576889894527e-02
-1.256729654685176563e-02
-1.193896236244162620e-02
-1.131062346377630784e-02
-1.068228009896278474e-02
-1.005393251611069044e-02
-9.425580963330425222e-03
-8.797225688736632493e-03
-8.168866940442753508e-03
-7.540504966563604285e-03
-6.912140015217936063e-03
-6.283772334523015160e-03
-5.655402172597183419e-03
-5.027029777562425604e-03
-4.398655397538947520e-03
-3.770279280647734731e-03
-3.141901675013126453e-03
-2.513522828757383271e-03
-1.885142990004143792e-03
-1.256762406876551575e-03
-6.283813275007076645e-04
-2.449293598294706414e-16
